comven;data_hora;usuario;valor;numbol;parbol;lotebonus;sr_recno;quantidade;bonus;preco;total_icms;codpro;subcod;obs;filial
C;2026-01-20 14:11:31;ALESSANDRA.ADM;94.0;290892;2;6235;4806;1880;0.05;0.6;1128.0;SFC   ;S;;
V;2026-01-04 10:24:38;ALESSANDRA.MOURA;418.73;85052;2;6196;4689;33960;0.01;1.8063;61342.05;SFF   ;S;;G3S LONDRINA
V;2026-01-04 10:24:38;ALESSANDRA.MOURA;179.03;85526;2;6196;4690;14520;0.01;1.80527;26212.5;SFF   ;S;;G3S LONDRINA
V;2026-01-04 10:24:38;ALESSANDRA.MOURA;155.11;85525;2;6196;4691;12580;0.01;1.80527;22710.28;SFF   ;S;;G3S LONDRINA
V;2026-01-04 10:28:29;ALESSANDRA.MOURA;306.42;84793;2;6197;4692;41520;0.01;1.52396;63274.65;SCF   ;S;;G3S MARINGA
V;2026-01-04 10:28:29;ALESSANDRA.MOURA;49.3;85221;2;6197;4693;6680;0.01;1.79978;12022.5;SFPEB ;S;;G3S MARINGA
V;2026-01-04 10:28:29;ALESSANDRA.MOURA;187.6;85221;3;6197;4694;25420;0.01;1.81818;46218.14;SFPEM ;S;;G3S MARINGA
C;2026-01-06 16:29:12;ALESSANDRA.ADM;20.0;289695;2;6198;4695;200;0.1;0.6;120.0;SFMIU ;S;;
C;2026-01-06 16:29:12;ALESSANDRA.ADM;32.0;289695;3;6198;4696;320;0.1;0.5;160.0;SFC   ;S;;
C;2026-01-07 14:56:44;ALESSANDRA.ADM;337.5;289852;2;6199;4697;2250;0.15;0.5;1125.0;SFC   ;S;;
C;2026-01-07 17:12:09;ALESSANDRA.ADM;214.0;289724;2;6200;4698;2140;0.1;0.6;1284.0;SFMIU ;S;;
V;2026-01-09 15:53:06;ALESSANDRA.ADM;13994.08;80994;2;6201;4699;28640;0.49;1.11364;31894.55;SFPC  ;F;;G3S MARINGA
V;2026-01-09 15:53:06;ALESSANDRA.ADM;12943.54;81022;2;6201;4700;26490;0.49;1.11364;29500.23;SFPC  ;F;;G3S MARINGA
V;2026-01-09 15:56:52;ALESSANDRA.ADM;2739.49;80982;3;6202;4701;29060;0.09;1.49974;43582.34;SFPC  ;F;;G3S MARINGA
V;2026-01-09 15:58:36;ALESSANDRA.ADM;7067.83;81330;2;6203;4702;15660;0.45;1.11364;17439.55;SFPC  ;F;;G3S MARINGA
V;2026-01-09 15:58:36;ALESSANDRA.ADM;6241.89;81333;2;6203;4703;13830;0.45;1.11364;15401.59;SFPC  ;F;;G3S MARINGA
V;2026-01-09 16:00:12;ALESSANDRA.ADM;6710.0;81211;2;6204;4704;33550;0.2;1.06;35563.0;SFPC  ;F;;G3S LONDRINA
V;2026-01-09 16:00:12;ALESSANDRA.ADM;6384.0;81249;2;6204;4705;31920;0.2;1.06;33835.2;SFPC  ;F;;G3S LONDRINA
V;2026-01-09 16:05:18;ALESSANDRA.ADM;6556.0;81265;2;6205;4706;32780;0.2;1.06;34746.8;SFPC  ;F;;G3S LONDRINA
V;2026-01-09 16:05:18;ALESSANDRA.ADM;6038.0;81266;2;6205;4707;30190;0.2;1.06;32001.4;SFPC  ;F;;G3S LONDRINA
V;2026-01-09 16:05:18;ALESSANDRA.ADM;6272.0;81271;2;6205;4708;31360;0.2;1.06;33241.6;SFPC  ;F;;G3S LONDRINA
V;2026-01-09 16:05:18;ALESSANDRA.ADM;6120.0;81273;2;6205;4709;30600;0.2;1.06;32436.0;SFPC  ;F;;G3S LONDRINA
V;2026-01-09 16:05:19;ALESSANDRA.ADM;6340.0;81275;2;6205;4710;31700;0.2;1.06;33602.0;SFPC  ;F;;G3S LONDRINA
V;2026-01-09 16:09:09;ALESSANDRA.ADM;6326.0;81293;2;6206;4711;31630;0.2;1.06;33527.8;SFPC  ;F;;G3S LONDRINA
V;2026-01-09 16:09:09;ALESSANDRA.ADM;6666.0;81296;2;6206;4712;33330;0.2;1.06;35329.8;SFPC  ;F;;G3S LONDRINA
V;2026-01-09 16:09:09;ALESSANDRA.ADM;6698.0;81299;2;6206;4713;33490;0.2;1.06;35499.4;SFPC  ;F;;G3S LONDRINA
V;2026-01-09 16:09:09;ALESSANDRA.ADM;6994.0;81306;2;6206;4714;34970;0.2;1.06;37068.2;SFPC  ;F;;G3S LONDRINA
V;2026-01-09 16:09:09;ALESSANDRA.ADM;6146.0;81314;2;6206;4715;30730;0.2;1.06;32573.8;SFPC  ;F;;G3S LONDRINA
V;2026-01-09 16:09:09;ALESSANDRA.ADM;6140.0;81315;2;6206;4716;30700;0.2;1.06;32542.0;SFPC  ;F;;G3S LONDRINA
V;2026-01-09 16:14:28;ALESSANDRA.ADM;5974.0;81322;2;6207;4717;29870;0.2;1.06;31662.2;SFPC  ;F;;G3S LONDRINA
V;2026-01-09 16:14:28;ALESSANDRA.ADM;6322.0;81326;2;6207;4718;31610;0.2;1.06;33506.6;SFPC  ;F;;G3S LONDRINA
V;2026-01-09 16:14:28;ALESSANDRA.ADM;6724.0;81329;2;6207;4719;33620;0.2;1.06;35637.2;SFPC  ;F;;G3S LONDRINA
V;2026-01-09 16:14:28;ALESSANDRA.ADM;5844.0;81341;2;6207;4720;29220;0.2;1.06;30973.2;SFPC  ;F;;G3S LONDRINA
V;2026-01-09 16:14:28;ALESSANDRA.ADM;6312.0;81345;2;6207;4721;31560;0.2;1.06;33453.6;SFPC  ;F;;G3S LONDRINA
V;2026-01-09 16:14:28;ALESSANDRA.ADM;5016.0;81352;2;6207;4722;25080;0.2;1.06;26584.8;SFPC  ;F;;G3S LONDRINA
V;2026-01-09 16:21:38;ALESSANDRA.ADM;7184.0;81372;2;6208;4723;35920;0.2;1.06;38075.2;SFPC  ;F;;G3S LONDRINA
V;2026-01-09 16:21:38;ALESSANDRA.ADM;5168.0;81389;2;6208;4724;25840;0.2;1.06;27390.4;SFPC  ;F;;G3S LONDRINA
V;2026-01-09 16:21:38;ALESSANDRA.ADM;6890.0;81380;2;6208;4725;34450;0.2;1.06;36517.0;SFPC  ;F;;G3S LONDRINA
V;2026-01-09 16:21:38;ALESSANDRA.ADM;5798.0;81391;2;6208;4726;28990;0.2;1.06;30729.4;SFPC  ;F;;G3S LONDRINA
V;2026-01-09 16:23:25;ALESSANDRA.ADM;918.09;81405;2;6209;4727;32930;0.03;1.16211;38268.4;SFA   ;S;;G3S LONDRINA
V;2026-01-09 16:25:10;ALESSANDRA.ADM;3269.0;81404;2;6210;4728;16345;0.2;1.06;17325.65;SFPC  ;F;;G3S LONDRINA
V;2026-01-09 16:25:10;ALESSANDRA.ADM;6222.0;81417;2;6210;4729;31110;0.2;1.06;32976.6;SFPC  ;F;;G3S MARINGA
V;2026-01-09 16:25:11;ALESSANDRA.ADM;3083.0;81422;2;6210;4730;15415;0.2;1.06;16339.85;SFPC  ;F;;G3S MARINGA
V;2026-01-09 16:26:17;ALESSANDRA.ADM;7082.0;81436;2;6211;4731;35410;0.2;1.06;37534.6;SFPC  ;F;;G3S LONDRINA
V;2026-01-09 16:26:17;ALESSANDRA.ADM;6030.0;81445;2;6211;4732;30150;0.2;1.06;31959.0;SFPC  ;F;;G3S LONDRINA
V;2026-01-09 16:36:16;ALESSANDRA.ADM;1052.1;81489;2;6212;4733;35070;0.03;1.16;40681.2;SFA   ;S;;G3S PRUDENTE
V;2026-01-09 16:47:08;ALESSANDRA.ADM;2326.0;81569;2;6213;4734;11630;0.2;1.06;12327.8;SFPC  ;F;;G3S MARINGA
V;2026-01-09 16:47:08;ALESSANDRA.ADM;700.0;81569;3;6213;4735;3500;0.2;0.93;3255.0;SFC   ;S;;G3S MARINGA
V;2026-01-09 16:49:33;ALESSANDRA.ADM;2174.0;81582;2;6214;4736;21740;0.1;1.06;23044.4;SFPC  ;F;;G3S PRUDENTE
V;2026-01-09 17:56:27;ALESSANDRA.ADM;2800.0;81701;2;6215;4737;10000;0.28;0.78;7800.0;SFPC  ;F;;G3S PRUDENTE
V;2026-01-09 17:57:51;ALESSANDRA.ADM;2288.67;82144;2;6216;4738;32700;0.07;1.06;34662.0;SFPC  ;F;;G3S LONDRINA
V;2026-01-09 17:57:51;ALESSANDRA.ADM;2045.11;82165;2;6216;4739;29220;0.07;1.06;30973.2;SFPC  ;F;;G3S LONDRINA
V;2026-01-09 18:00:25;ALESSANDRA.ADM;2011.51;82178;2;6217;4740;28740;0.07;1.06;30464.4;SFPC  ;F;;G3S LONDRINA
V;2026-01-09 18:00:25;ALESSANDRA.ADM;674.35;82226;2;6217;4741;9635;0.07;1.06;10213.1;SFPC  ;F;;G3S MARINGA
V;2026-01-09 18:00:25;ALESSANDRA.ADM;37.44;82227;2;6217;4742;535;0.07;0.92826;496.62;SFC   ;S;;G3S MARINGA
V;2026-01-09 18:00:25;ALESSANDRA.ADM;1049.85;82227;3;6217;4743;15000;0.07;1.06;15900.0;SFPC  ;F;;G3S MARINGA
V;2026-01-09 18:02:24;ALESSANDRA.ADM;898.2;82306;2;6218;4744;29940;0.03;1.16;34730.4;SFMIU ;S;;G3S MARINGA
V;2026-01-09 18:04:27;ALESSANDRA.ADM;449.41;82354;2;6219;4745;6914;0.07;0.93;6430.02;SFC   ;S;;G3S MARINGA
V;2026-01-09 18:04:28;ALESSANDRA.ADM;1704.04;82354;3;6219;4746;26216;0.07;1.06;27788.96;SFPC  ;F;;G3S MARINGA
V;2026-01-09 18:09:52;ALESSANDRA.ADM;2707.0;84546;2;6220;4747;27070;0.1;1.23;33296.1;SFPC  ;F;;G3S MARINGA
V;2026-01-09 18:09:52;ALESSANDRA.ADM;2872.0;84547;2;6220;4748;28720;0.1;1.23;35325.6;SFPC  ;F;;G3S MARINGA
V;2026-01-09 18:09:52;ALESSANDRA.ADM;3211.0;84549;2;6220;4749;32110;0.1;1.23;39495.3;SFPC  ;F;;G3S PRUDENTE
V;2026-01-09 18:09:52;ALESSANDRA.ADM;3306.0;84554;2;6220;4750;33060;0.1;1.23;40663.8;SFPC  ;F;;G3S MARINGA
V;2026-01-09 18:09:52;ALESSANDRA.ADM;2925.0;84563;2;6220;4751;29250;0.1;1.23;35977.5;SFPC  ;F;;G3S MARINGA
V;2026-01-09 18:09:52;ALESSANDRA.ADM;3175.0;84603;2;6220;4752;31750;0.1;1.23;39052.5;SFPC  ;F;;G3S MARINGA
V;2026-01-09 18:09:53;ALESSANDRA.ADM;3269.0;84654;2;6220;4753;32690;0.1;1.23;40208.7;SFPC  ;F;;G3S MARINGA
V;2026-01-09 18:09:53;ALESSANDRA.ADM;3868.0;84655;2;6220;4754;38680;0.1;1.23;47576.4;SFPC  ;F;;G3S MARINGA
V;2026-01-09 18:15:10;ALESSANDRA.ADM;2384.23;84906;2;6221;4755;29140;0.08;1.95944;57097.96;SFOXC ;S;;G3S PRUDENTE
V;2026-01-09 18:15:10;ALESSANDRA.ADM;2457.87;84913;2;6221;4756;30040;0.08;1.96768;59108.98;SFOXC ;S;;G3S PRUDENTE
V;2026-01-09 18:17:18;ALESSANDRA.ADM;1879.0;86337;2;6222;4757;37580;0.05;1.23;46223.4;SCF   ;S;;G3S MARINGA
V;2026-01-09 18:17:18;ALESSANDRA.ADM;1658.0;86354;2;6222;4758;33160;0.05;1.23;40786.8;SCF   ;S;;G3S PRUDENTE
V;2026-01-09 18:17:18;ALESSANDRA.ADM;1352.5;86364;2;6222;4759;27050;0.05;1.33;35976.5;SFMIU ;S;;G3S LONDRINA
V;2026-01-09 18:17:18;ALESSANDRA.ADM;1420.0;86378;2;6222;4760;28400;0.05;1.33;37772.0;SFMIU ;S;;G3S LONDRINA
V;2026-01-09 18:17:18;ALESSANDRA.ADM;1641.5;86384;2;6222;4761;32830;0.05;1.33;43663.9;SFMIU ;S;;G3S LONDRINA
C;2026-01-12 11:56:47;ALESSANDRA.ADM;740.0;290209;2;6223;4762;3700;0.2;0.55;2035.0;SFMIU ;S;;
C;2026-01-12 16:19:11;GISELE.TONETTO;2232.0;290218;2;6224;4763;11160;0.2;0.5;5580.0;SFP   ;S;;
C;2026-01-12 16:32:02;GISELE.TONETTO;2295.0;290197;2;6225;4764;9180;0.25;0.5;4590.0;SFC   ;S;;
C;2026-01-12 16:59:45;GISELE.TONETTO;8.0;290242;2;6226;4765;160;0.05;0.45;72.0;SFC   ;S;;
C;2026-01-12 17:14:22;GISELE.TONETTO;27.0;290148;2;6227;4766;270;0.1;0.5;135.0;SFC   ;S;;
C;2026-01-12 17:18:35;GISELE.TONETTO;38.0;289998;2;6228;4767;380;0.1;0.6;228.0;SFMIU ;S;;
C;2026-01-14 21:23:27;ALESSANDRA.ADM;20.0;290424;2;6229;4768;400;0.05;0.5;200.0;SFC   ;S;;
C;2026-01-14 21:38:16;ALESSANDRA.ADM;13.0;290494;2;6230;4769;260;0.05;0.65;169.0;SFMIU ;S;;
C;2026-01-15 09:11:01;ALESSANDRA.ADM;399.0;290479;2;6231;4770;2660;0.15;0.5;1330.0;SFC   ;S;;
C;2026-01-15 09:12:52;ALESSANDRA.ADM;178.5;290351;2;6232;4771;1190;0.15;0.5;595.0;SFC   ;S;;
C;2026-01-15 11:23:51;ALESSANDRA.ADM;574.0;290493;2;6233;4772;2870;0.2;0.6;1722.0;SFMIU ;S;;
C;2026-01-16 15:06:54;ALESSANDRA.ADM;1671.0;290410;2;6234;4773;5570;0.3;0.5;2785.0;SFP   ;S;;
C;2026-02-20 08:46:19;ANDRESSA.TOKAWA-NVS;15.0;293609;2;6271;4847;300;0.05;0.6;180.0;SFC   ;S;;
C;2026-02-20 08:46:20;ANDRESSA.TOKAWA-NVS;9.0;293637;2;6271;4848;180;0.05;0.75;135.0;SFMIU ;S;;
C;2026-02-24 08:35:32;ANDRESSA.TOKAWA-NVS;26.0;293880;2;6272;4849;520;0.05;0.55;286.0;SFC   ;S;;
V;2026-02-24 13:55:33;ALESSANDRA.ADM;5068.04;84623;2;6274;4851;41110;0.12;1.27672;52486.0;SFTMI ;S;;G3S PRUDENTE
C;2026-02-26 14:19:44;ANDRESSA.TOKAWA-NVS;186.5;293883;2;6275;4852;3730;0.05;0.75;2797.5;SFOXC ;S;;
C;2026-02-26 14:27:09;ANDRESSA.TOKAWA-NVS;43.0;293836;2;6276;4853;860;0.05;0.65;559.0;SFC   ;S;;
C;2026-02-26 14:27:09;ANDRESSA.TOKAWA-NVS;35.0;293875;2;6276;4854;700;0.05;0.65;455.0;SFC   ;S;;
C;2026-03-04 08:20:26;ANDRESSA.TOKAWA-NVS;318.0;294471;2;6277;4855;3180;0.1;0.8;2544.0;SFMIU ;S;;
C;2026-03-04 08:21:02;ANDRESSA.TOKAWA-NVS;21.0;294471;3;6278;4856;420;0.05;1.1;462.0;SFF   ;S;;
C;2026-03-04 08:40:25;ANDRESSA.TOKAWA-NVS;26.0;294555;2;6279;4857;260;0.1;0.8;208.0;SFMIU ;S;;
C;2026-03-04 15:43:16;ANDRESSA.TOKAWA-NVS;434.0;294562;2;6280;4858;4340;0.1;0.65;2821.0;SFC   ;S;;
C;2026-03-05 09:08:49;ALESSANDRA.ADM;51.0;294586;2;6281;4859;1020;0.05;0.65;663.0;SFC   ;S;;
C;2026-03-05 09:08:49;ALESSANDRA.ADM;25.0;294586;3;6281;4860;500;0.05;0.8;400.0;SFMIU ;S;;
C;2026-03-05 09:08:49;ALESSANDRA.ADM;58.0;294588;2;6281;4861;1160;0.05;0.65;754.0;SFC   ;S;;
C;2026-03-05 09:08:49;ALESSANDRA.ADM;11.0;294588;3;6281;4862;220;0.05;0.8;176.0;SFMIU ;S;;
C;2026-03-05 12:13:36;ALESSANDRA.ADM;77.0;294469;2;6282;4863;1540;0.05;0.65;1001.0;SFC   ;S;;
C;2026-01-22 10:25:00;ALESSANDRA.ADM;60.0;291063;2;6236;4807;600;0.1;0.6;360.0;SFC   ;S;;
C;2026-01-22 10:25:00;ALESSANDRA.ADM;81.0;291017;2;6236;4808;810;0.1;0.6;486.0;SFC   ;S;;
C;2026-01-23 10:03:05;GISELE.TONETTO;94.0;291160;2;6237;4809;1880;0.05;0.5;940.0;SFC   ;S;;
C;2026-01-23 16:49:44;ALESSANDRA.ADM;615.0;291281;2;6238;4810;2050;0.3;0.9;1845.0;SFC   ;S;;
C;2026-01-23 16:50:55;ALESSANDRA.ADM;213.0;291197;2;6239;4811;710;0.3;0.6;426.0;SFC   ;S;;
C;2026-01-27 08:26:30;ALESSANDRA.ADM;964.0;291432;2;6240;4812;4820;0.2;0.95;4579.0;SFF   ;S;;
C;2026-01-28 14:58:59;ALESSANDRA.ADM;1297.4;291539;2;6241;4813;9980;0.13;0.75;7485.0;SFMIU ;S;;
C;2026-01-28 17:22:09;ALESSANDRA.ADM;351.0;291504;2;6242;4814;3510;0.1;0.5;1755.0;SFC   ;S;;
C;2026-01-29 09:40:23;ALESSANDRA.MOURA;28.08;284394;2;6243;4815;31200;0.0;0.7;21840.0;SFPC  ;F;;
C;2026-01-30 14:05:41;ALESSANDRA.ADM;242.0;291810;2;6244;4816;2420;0.1;0.75;1815.0;SFMIU ;S;;
C;2026-01-30 16:56:14;ALESSANDRA.ADM;12.0;291221;2;6245;4817;240;0.05;0.75;180.0;SFMIU ;S;;
C;2026-01-30 17:43:39;ALESSANDRA.ADM;15.0;292019;2;6246;4818;300;0.05;0.5;150.0;SFC   ;S;;
C;2026-02-02 17:54:05;ALESSANDRA.ADM;468.0;292150;2;6247;4819;4680;0.1;0.65;3042.0;SFC   ;S;;
C;2026-02-03 08:40:35;ALESSANDRA.ADM;214.0;291509;2;6248;4820;2140;0.1;0.5;1070.0;SCF   ;S;;
C;2026-02-03 16:19:45;GISELE.TONETTO;1043.0;291875;2;6249;4821;2980;0.35;0.85;2533.0;SFF   ;S;;
C;2026-02-03 16:21:03;GISELE.TONETTO;918.0;291875;3;6250;4822;2040;0.45;1.05;2142.0;SFFC  ;S;;
C;2026-02-03 18:06:39;ALESSANDRA.ADM;212.5;291810;3;6251;4823;850;0.25;0.6;510.0;SFC   ;S;;
C;2026-02-04 15:46:04;ALESSANDRA.ADM;268.0;292131;2;6252;4824;2680;0.1;0.55;1474.0;SFC   ;S;;
C;2026-02-04 16:04:31;ALESSANDRA.ADM;32.03;292165;2;6253;4825;8150;0.0;0.8;6520.0;SFC   ;S;;
C;2026-02-04 18:38:17;ALESSANDRA.ADM;18.5;290963;2;6254;4826;370;0.05;0.6;222.0;SFC   ;S;;
C;2026-02-05 17:56:13;GISELE.TONETTO;25.48;292117;2;6255;4827;2530;0.01;0.85;2150.5;SFMIU ;S;;
C;2026-02-06 15:06:24;ALESSANDRA.MOURA;11.0;292341;2;6256;4828;220;0.05;0.7;154.0;SFMIU ;S;;
C;2026-02-06 15:06:24;ALESSANDRA.MOURA;17.0;292422;2;6256;4829;340;0.05;0.7;238.0;SFMIU ;S;;
C;2026-02-06 17:40:24;ANDRESSA.TOKAWA-NVS;11.0;292537;2;6257;4830;220;0.05;0.55;121.0;SFC   ;S;;
C;2026-02-06 18:11:43;ANDRESSA.TOKAWA-NVS;6.5;292564;2;6258;4831;130;0.05;0.75;97.5;SFMIU ;S;;
C;2026-02-06 18:16:30;ANDRESSA.TOKAWA-NVS;42.5;292070;2;6259;4832;850;0.05;0.6;510.0;SFC   ;S;;
C;2026-02-06 18:16:30;ANDRESSA.TOKAWA-NVS;45.0;292070;3;6259;4833;900;0.05;0.75;675.0;SFMIU ;S;;
C;2026-02-06 18:23:26;ANDRESSA.TOKAWA-NVS;25.5;292544;2;6260;4834;510;0.05;0.55;280.5;SFC   ;S;;
C;2026-02-06 18:28:54;ANDRESSA.TOKAWA-NVS;49.5;292501;2;6261;4835;990;0.05;0.75;742.5;SFMIU ;S;;
C;2026-02-06 18:46:07;ANDRESSA.TOKAWA-NVS;8.0;292304;2;6262;4836;160;0.05;0.7;112.0;SFMIU ;S;;
C;2026-02-10 11:29:10;ANDRESSA.TOKAWA-NVS;19.0;292755;2;6263;4837;380;0.05;0.55;209.0;SFC   ;S;;
C;2026-02-10 11:39:13;ANDRESSA.TOKAWA-NVS;25.0;292367;2;6264;4838;500;0.05;0.6;300.0;SFC   ;S;;
C;2026-02-10 11:39:13;ANDRESSA.TOKAWA-NVS;20.5;292367;3;6264;4839;410;0.05;0.75;307.5;SFMIU ;S;;
C;2026-02-10 14:47:01;ANDRESSA.TOKAWA-NVS;359.0;292899;2;6265;4840;7180;0.05;0.65;4667.0;SFC   ;S;;
C;2026-02-11 17:40:38;ALESSANDRA.ADM;4686.0;290773;2;6266;4841;39050;0.12;0.75;29287.5;SFMIU ;S;;
C;2026-02-12 09:21:45;ANDRESSA.TOKAWA-NVS;519.0;288780;2;6267;4842;1730;0.3;0.5;865.0;SFC   ;S;;
C;2026-02-13 11:27:58;ALESSANDRA.ADM;12.5;291446;2;6268;4843;250;0.05;0.75;187.5;SFMIU ;S;;
C;2026-02-13 11:27:59;ALESSANDRA.ADM;95.0;291446;3;6268;4844;1900;0.05;0.6;1140.0;SFC   ;S;;
C;2026-02-13 11:33:25;ALESSANDRA.ADM;25.5;291513;2;6269;4845;510;0.05;0.75;382.5;SFMIU ;S;;
C;2026-02-13 11:37:44;ALESSANDRA.ADM;13.5;291517;2;6270;4846;270;0.05;0.7;189.0;SFMIU ;S;;
C;2026-02-24 09:57:55;ANDRESSA.TOKAWA-NVS;1192.0;293670;2;6273;4850;11920;0.1;0.75;8940.0;SFMIU ;S;;
C;2026-03-05 12:24:22;ALESSANDRA.ADM;108.0;294468;2;6283;4864;2160;0.05;0.65;1404.0;SFC   ;S;;
C;2026-03-05 12:24:23;ALESSANDRA.ADM;5.0;294468;3;6283;4865;100;0.05;0.8;80.0;SFMIU ;S;;
C;2026-03-18 10:54:16;ANDRESSA.TOKAWA-NVS;96.0;295806;2;6284;4866;960;0.1;0.4;384.0;SCF   ;S;;
C;2026-03-20 08:34:07;ALESSANDRA.ADM;148.0;296071;2;6285;4867;2960;0.05;0.8;2368.0;SFMIU ;S;;
C;2026-04-07 08:22:54;ANDRESSA.TOKAWA-NVS;306.0;297244;2;6286;4868;3060;0.1;0.8;2448.0;SFMIU ;S;;
C;2026-04-09 15:01:36;ANDRESSA.TOKAWA-NVS;148.0;297556;2;6287;4869;1480;0.1;0.65;962.0;SFC   ;S;;
C;2026-04-13 17:06:26;GISELE.TONETTO;1905.0;297174;3;6288;4870;38100;0.05;0.6;22860.0;SFPC  ;F;;
C;2026-04-13 17:06:27;GISELE.TONETTO;397.0;297250;3;6288;4871;7940;0.05;0.6;4764.0;SFPC  ;F;;
V;2026-05-07 17:27:15;ALESSANDRA.ADM;591.54;87636;2;6289;4872;33270;0.02;1.06062;35286.97;SFPC  ;F;;G3S LONDRINA
V;2026-05-07 17:27:15;ALESSANDRA.ADM;577.85;87641;2;6289;4873;32500;0.02;1.06197;34514.06;SFPC  ;F;;G3S LONDRINA
V;2026-05-07 17:27:15;ALESSANDRA.ADM;472.77;87679;2;6289;4874;26590;0.02;1.06252;28252.38;SFPC  ;F;;G3S LONDRINA
V;2026-05-07 17:27:15;ALESSANDRA.ADM;461.39;87681;2;6289;4875;25950;0.02;1.06235;27568.11;SFPC  ;F;;G3S LONDRINA
V;2026-05-07 17:27:15;ALESSANDRA.ADM;451.43;87693;2;6289;4876;25390;0.02;1.06183;26959.84;SFPC  ;F;;G3S LONDRINA
V;2026-05-07 17:27:16;ALESSANDRA.ADM;447.52;87701;2;6289;4877;25170;0.02;1.06159;26720.33;SFPC  ;F;;G3S LONDRINA
C;2026-05-18 11:51:16;GISELE.TONETTO;132.5;301140;2;6290;4878;2650;0.05;0.75;1987.5;SFC   ;S;;
C;2026-05-21 13:58:14;ANDRESSA.TOKAWA-NVS;36.0;301429;2;6291;4879;720;0.05;1.1;792.0;SFF   ;S;;
C;2026-05-28 16:09:28;ALESSANDRA.ADM;606.5;300156;2;6292;4880;12130;0.05;1.05;12736.5;SFMIU ;S;;
C;2026-05-28 16:09:29;ALESSANDRA.ADM;844.5;300222;2;6292;4881;16890;0.05;1.05;17734.5;SFMIU ;S;;
