RELATÓRIO DE ENTRADA;;;;;;;;;;;;;;;;;;;;;;;;;;;;;;;;;;;;;;;;;
;;;;;;;;;;;;;;;;;;;;;;;;;;;;;;;;;;;;;;;;;;;;;;
;;;;
;;;;;R.SOCIAL.: G3S COMERCIO E INDUSTRIA DE FERRO E ACO LTDA -  CNPJ.: 20947332/0004-38 END.: RUA HELENA FERRANTE BORGHI, 100 - DISTRITO INDUSTRIAL CIDADE.: PRESIDENTE PRUDENTE - SP TELEFONE: 1821010101 IE: 562407492115 / WWW.SELETIVA.IND.BR DATA. : 04/05/2026 HORA.: 09:06:50-IMPRESSO POR:JULIO.SANTANA;;;;;;;;;;;;;;;;;;;;;;;;;;;;;;;;;;;;;;;;;
;;;;

Período de 01/05/2026 a 04/05/2026;;;;;;;;;;;;;;;;;;;;;;;;;;;;;;;;;;;;;;;;;;;;;;
Filial:MATRIZ,FILIAL1,FILIAL2,FILIAL3,FILIAL4,FILIAL5,FILIAL6,FILIAL9,FILIAL10,FILIAL11,FILIAL12,FILIAL13,FILIAL14,FILIAL15,FILIAL16,FILIAL17,FILIAL18,FILIAL19,FILIAL20;;;;;;;;;;;;;;;;;;;;;;;;;;;;;;;;;;;;;;;;;;;;;;
;;;;;;;;;;;;;;;;;;;;;;;;;;;;;;;;;;;;;;;;;;;;
Boleto;;;;Nota Fiscal;;Data;;Fornecedor;;;;;Quantidade;;;Preço;;;;R$ Total;Total c/ ICMSl;;;;;Placa;Produto;UN;;Valor IPI R$;;;;;Desconto;;Desconto R$;;;;Frete;;;Pesagem;;;Classificador;;;;;
;;;;;;;;;;;;;;;;;;;;;;;;;;;;;;;;;;;;;;;;;;;;;
;;;;;;;;;;;;;;;;;;;;;;;;;;;;;;;;;;;;;;;;;;;;;;;;;;;
299956;;;;;;04/05/2026;;17095-SIDINEI SANTIAGO DEARAUJO;;;;100,000;;0,70000;;;70,00   ;;;;;70,00;;SEM-PLAC;SFC-S SUCATA DEFERRO (CHAPARIA);KG ;;R$ 0,00;;;0,0;0,00;;FORNECEDOR;;;ELETRÔNICA;;
;;;;;;;;;;;;;;;;;;;;;;;;;;;;;;;;;;;;;;;;;;;;;;;;;;
;;;;;;;;;;;;;;;;;;;;;;;;;;;;;;;;;;;;;;;;;;;;;RODOLFO.SALU                           ;;;;;
;;;;;;;;;;;;;;;;;;;;;;;;;;;;;;;;;;;;;;;;;;;;;;;;;;
;;;;;;;;;;;;;;;;;;;;;;;;;;;;;;;;;;;;;;;;;;;;;;;;;;
;;;;;;;;;;;;;;;;;;;;;;;;;;;;;;;;;;;;;;;;;;;;;;;;;;
;;;;;;;;;;;;;;;;;;;;;;;;;;;;;;;;;;;;;;;;;;;;;;;;;;
;;;;;;;;;;CPF / CNPJ: 772.000.121-49;;;;;;;;;;;;;;;;;;;;;;;;;;;;;;;;;;;;;;;;
;;;;;;;;;;;;;;;;;;;;;;;;;;;;;;;;;;;;;;;;;;;;;;;;;;
299945;;;;54149-1;;04/05/2026;;15548-ARQUIMEDES JOSE TISSIANI;;;;240,000;;0,73000;;;175,20   ;;;;;175,20;;AAA-0000;SFC-S SUCATA DEFERRO (CHAPARIA);KG ;;R$ 0,00;;;0,0;0,00;;FORNECEDOR;;;ELETRÔNICA;;
;;;;;;;;;;;;;;;;;;;;;;;;;;;;;;;;;;;;;;;;;;;;;;;;;;
;;;;;;;;;;;;;;;;;;;;;;;;;;;;;;;;;;;;;;;;;;;;;TIAGO LUIS DESOUZA                    ;;;;;
;;;;;;;;;;;;;;;;;;;;;;;;;;;;;;;;;;;;;;;;;;;;;;;;;;
;;;;;;;;;;;;;;;;;;;;;;;;;;;;;;;;;;;;;;;;;;;;;;;;;;
;;;;;;;;;;;;;;;;;;;;;;;;;;;;;;;;;;;;;;;;;;;;;;;;;;
;;;;;;;;;;CPF / CNPJ: 790.426.789-68;;;;;;;;;;;;;;;;;;;;;;;;;;;;;;;;;;;;;;;;
;;;;;;;;;;;;;;;;;;;;;;;;;;;;;;;;;;;;;;;;;;;;;;;;;;
299946;;;;54150-1;;04/05/2026;;7996-VAGNER ALVES DA CRUZ;;;;320,000;;0,73000;;;233,60   ;;;;;233,60;;AHR-6792;SFC-S SUCATA DEFERRO (CHAPARIA);KG ;;R$ 0,00;;;0,0;0,00;;FORNECEDOR;;;ELETRÔNICA;;
;;;;;;;;;;;;;;;;;;;;;;;;;;;;;;;;;;;;;;;;;;;;;;;;;;
;;;;;;;;;;;;;;;;;;;;;;;;;;;;;;;;;;;;;;;;;;;;;TIAGO LUIS DESOUZA                    ;;;;;
;;;;;;;;;;;;;;;;;;;;;;;;;;;;;;;;;;;;;;;;;;;;;;;;;;
;;;;;;;;;;;;;;;;;;;;;;;;;;;;;;;;;;;;;;;;;;;;;;;;;;
;;;;;;;;;;;;;;;;;;;;;;;;;;;;;;;;;;;;;;;;;;;;;;;;;;
;;;;;;;;;;CPF / CNPJ: 023.219.589-79;;;;;;;;;;;;;;;;;;;;;;;;;;;;;;;;;;;;;;;;
;;;;;;;;;;;;;;;;;;;;;;;;;;;;;;;;;;;;;;;;;;;;;;;;;;
299947;;;;39583-1;;04/05/2026;;12791-LUCAS DE MORAISFERREIRA;;;;510,000;;0,75000;;;382,50   ;;;;;382,50;;AOO-0C80;SFC-S SUCATA DEFERRO (CHAPARIA);KG ;;R$ 0,00;;;0,0;0,00;;FORNECEDOR;;;ELETRÔNICA;;
;;;;;;;;;;;;;;;;;;;;;;;;;;;;;;;;;;;;;;;;;;;;;;;;;;
;;;;;;;;;;;;;;;;;;;;;;;;;;;;;;;;;;;;;;;;;;;;;VALTER VIERIA                          ;;;;;
;;;;;;;;;;;;;;;;;;;;;;;;;;;;;;;;;;;;;;;;;;;;;;;;;;
;;;;;;;;;;;;;;;;;;;;;;;;;;;;;;;;;;;;;;;;;;;;;;;;;;
Data Pagamento: 04/05/2026;;;;;;;;;;;;;;;;;;;;;;;;;;;;;;;;;;;;;;;;;;;;;;;;;;
;;;;;;;;;;;;;;;;;;;;;;;;;;;;;;;;;;;;;;;;;;;;;;;;;;
;;;;;;;;;;CPF / CNPJ: 081.083.039-66;;;;;;;;;;;;;;;;;;;;;;;;;;;;;;;;;;;;;;;;
;;;;;;;;;;;;;;;;;;;;;;;;;;;;;;;;;;;;;;;;;;;;;;;;;;
;;;;;;;;;;;;;;;;;;;;;;;;;;;;;;;;;;;;;;;;;;;;;;;;;;
299947;;;;39583-1;;04/05/2026;;12791-LUCAS DE MORAISFERREIRA;;;;500,000;;0,95000;;;475,00   ;;;;;475,00;;AOO-0C80;SFMIU-S SUCATA DEFERRO (MIUDA);KG ;;R$ 0,00;;;0,0;0,00;;FORNECEDOR;;;ELETRÔNICA;;
;;;;;;;;;;;;;;;;;;;;;;;;;;;;;;;;;;;;;;;;;;;;;;;;;;
;;;;;;;;;;;;;;;;;;;;;;;;;;;;;;;;;;;;;;;;;;;;;VALTER VIERIA                          ;;;;;
;;;;;;;;;;;;;;;;;;;;;;;;;;;;;;;;;;;;;;;;;;;;;;;;;;
;;;;;;;;;;;;;;;;;;;;;;;;;;;;;;;;;;;;;;;;;;;;;;;;;;
Data Pagamento: 04/05/2026;;;;;;;;;;;;;;;;;;;;;;;;;;;;;;;;;;;;;;;;;;;;;;;;;;
;;;;;;;;;;;;;;;;;;;;;;;;;;;;;;;;;;;;;;;;;;;;;;;;;;
;;;;;;;;;;CPF / CNPJ: 081.083.039-66;;;;;;;;;;;;;;;;;;;;;;;;;;;;;;;;;;;;;;;;
;;;;;;;;;;;;;;;;;;;;;;;;;;;;;;;;;;;;;;;;;;;;;;;;;;
;;;;;;;;;;;;;;;;;;;;;;;;;;;;;;;;;;;;;;;;;;;;;;;;;;
299948;;;;39582-1;;04/05/2026;;5477-JOAO ALVES DE OLIVEIRA;;;;1.240,000;;0,75000;;;930,00   ;;;;;930,00;;AEI-2E52;SFC-S SUCATA DEFERRO (CHAPARIA);KG ;;R$ 0,00;;;0,0;0,00;;FORNECEDOR;;;ELETRÔNICA;;
;;;;;;;;;;;;;;;;;;;;;;;;;;;;;;;;;;;;;;;;;;;;;;;;;;
;;;;;;;;;;;;;;;;;;;;;;;;;;;;;;;;;;;;;;;;;;;;;VALTER VIERIA                          ;;;;;
;;;;;;;;;;;;;;;;;;;;;;;;;;;;;;;;;;;;;;;;;;;;;;;;;;
;;;;;;;;;;;;;;;;;;;;;;;;;;;;;;;;;;;;;;;;;;;;;;;;;;
Data Pagamento: 04/05/2026;;;;;;;;;;;;;;;;;;;;;;;;;;;;;;;;;;;;;;;;;;;;;;;;;;
;;;;;;;;;;CPF / CNPJ: 900.756.179-00;;;;;;;;;;;;;;;;;;;;;;;;;;;;;;;;;;;;;;;;
;;;;;;;;;;;;;;;;;;;;;;;;;;;;;;;;;;;;;;;;;;;;;;;;;;
299950;;;;;;04/05/2026;;11710-GENTIL CHEFER;;;;2.220,000;;0,73000;;;1.620,60   ;;;;;1.620,60;;HQG-3E22;SFC-S SUCATA DEFERRO (CHAPARIA);KG ;;R$ 0,00;;;0,0;0,00;;FORNECEDOR;;;ELETRÔNICA;;
;;;;;;;;;;;;;;;;;;;;;;;;;;;;;;;;;;;;;;;;;;;;;;;;;;
;;;;;;;;;;;;;;;;;;;;;;;;;;;;;;;;;;;;;;;;;;;;;LUIZGUILHERME                         ;;;;;
;;;;;;;;;;;;;;;;;;;;;;;;;;;;;;;;;;;;;;;;;;;;;;;;;;
;;;;;;;;;;;;;;;;;;;;;;;;;;;;;;;;;;;;;;;;;;;;;;;;;;
;;;;;;;;;;;;;;;;;;;;;;;;;;;;;;;;;;;;;;;;;;;;;;;;;;
;;;;;;;;;;CPF / CNPJ: 358.051.881-04;;;;;;;;;;;;;;;;;;;;;;;;;;;;;;;;;;;;;;;;
;;;;;;;;;;;;;;;;;;;;;;;;;;;;;;;;;;;;;;;;;;;;;;;;;;

www.sygecom.com.br - relatorios\sagi_rel_sem_agrupa_bol_placa_prod_bol_prod_20.fr3;;;;;;;;;;;;;;;;;;;;;;;;;;;;;;
Boleto;;;;Nota Fiscal;;;;Data;;Fornecedor;;;Quantidade;;Preço;;;;;;;R$ Total;Total c/ ICMSl;;;Placa;Produto;UN;Valor IPI R$;;;;;;;Desconto;;Desconto R$;;Frete;;;;Pesagem;Classificador;;;
;;;;;;;;;;;;;;;;;;;;;;;;;;;;;;;;;;;;;;;;;;;
;;;;;;;;;;;;;;;;;;;;;;;;;;;;;;;;;;;;;;;;;;;;;;;

Quantidades Comprada;;;;;;;;;;;;;;;;Valores Comprado;;;;;;;;;;;;Total menos ICMS:;;;;;;;;3.886,90   ;;;
;;;;;;;;;;;;;;;;;;;;;;;;;;;;;;;Total ICMS:;;;;;;;;0,00   ;;;
;;;;;;;;;;;;;;;
Total Bruto:;;;;;;;;;5.130,000;;;;;;;;Total Bruto:;;;;3.886,90;;;;;;;;;;;;;;;;;;
;;;;;;;;;;;;;;;;;;;;;;;;;;;;Total PIS:;;;;;;;;0,00   ;;;
;;;;;;;;;;;;;;;;;;;;;;;;;;;;;;;;;;;;;;;;;;
Descontos:;;;;;;;;;0,000;;;;;;;;Preço Médio:;;;;0,75768;;;;;;;;;;;;;;;;;;
;;;;;;;;;;;;;;;;;;;;;;;;;;;;Total COFINS:;;;;;;;;0,00   ;;;
;;;;;;;;;;;;;;;;;;;Descontos:;;;;0,00;;;;;;;;;;;;;;;;;;;
Total Líquido:;;;;;;;;;5.130,000;;;;;;;;;;;;;;;;;;;;;;;;;;;;;;
;;;;;;;;;;;;;;;;;;;;;;;;;;;
;;;;;;;;;;;;;;;;;;;;;;;;;;;;;
;Total Líquido:;;;;3.886,90;;;;;;
Total Registros: 7;;;;;;;;;;;;;;;;;;;;;;;;;
;;;;;;;;;;;;;;;;;;;;;;;;;;Total menos PIS:;;;;;;;;3.886,90   ;;;
;;;;;;;;;;;;;;;;;;;;;;;;;;;;;;;;;;;;;;
;;;;;;;;;;;;;;;;;;;;;;;;;;;;;;;;;;;
;;;;;;;;;;;;;;;;;;;;;
;;;;;;;;;;Total menos COFINS:;;;;;;;;3.886,90   ;;;
;;;;;;;;;;;
Total Liquido:;;;;;;;;3.886,90   ;;;

Totais por unidade de medida: ;;;;;;;;;

KG ;;
;;;5.130,000   ;;;
;;;

www.sygecom.com.br - relatorios\sagi_rel_sem_agrupa_bol_placa_prod_bol_prod_20.fr3;;;;;;;;;;;;;;;;;;;;;;;;;;;;;;;;
