RELATÓRIO DE ENTRADA;;;;;;;;;;;;;;;;;;;;;;;;;;;;;;;;;;;;;;;;;
;;;;;;;;;;;;;;;;;;;;;;;;;;;;;;;;;;;;;;;;;;;;;;
;;;;
;;;;;R.SOCIAL.: G3S COMERCIO E INDUSTRIA DE FERRO E ACO LTDA -  CNPJ.: 20947332/0004-38 END.: RUA HELENA FERRANTE BORGHI, 100 - DISTRITO INDUSTRIAL CIDADE.: PRESIDENTE PRUDENTE - SP TELEFONE: 1821010101 IE: 562407492115 / WWW.SELETIVA.IND.BR DATA. : 02/04/2026 HORA.: 08:25:57-IMPRESSO POR:JULIO.SANTANA;;;;;;;;;;;;;;;;;;;;;;;;;;;;;;;;;;;;;;;;;
;;;;

Período de 01/04/2026 a 02/04/2026;;;;;;;;;;;;;;;;;;;;;;;;;;;;;;;;;;;;;;;;;;;;;;
Filial:MATRIZ,FILIAL1,FILIAL2,FILIAL3,FILIAL4,FILIAL5,FILIAL6,FILIAL7,FILIAL8,FILIAL9,FILIAL10,FILIAL11,FILIAL12,FILIAL13,FILIAL14,FILIAL15,FILIAL16,FILIAL17,FILIAL18,FILIAL19,FILIAL20;;;;;;;;;;;;;;;;;;;;;;;;;;;;;;;;;;;;;;;;;;;;;;
;;;;;;;;;;;;;;;;;;;;;;;;;;;;;;;;;;;;;;;;;;;;
Boleto;;;;Nota Fiscal;;Data;;Fornecedor;;;;;Quantidade;;;Preço;;;;R$ Total;Total c/ ICMSl;;;;;Placa;Produto;UN;;Valor IPI R$;;;;;Desconto;;Desconto R$;;;;Frete;;;Pesagem;;;Classificador;;;;;
;;;;;;;;;;;;;;;;;;;;;;;;;;;;;;;;;;;;;;;;;;;;;
;;;;;;;;;;;;;;;;;;;;;;;;;;;;;;;;;;;;;;;;;;;;;;;;;;;
297199;;;;1413-1;;01/04/2026;;7600-FRANCKLIN PEREZAMBROSIO;;;;940,000;;0,80000;;;752,00   ;;;;;752,00;;BDQ-2C58;SFMIU-S SUCATA DEFERRO (MIUDA);KG ;;R$ 0,00;;;0,0;0,00;;FORNECEDOR;;;ELETRÔNICA;;
;;;;;;;;;;;;;;;;;;;;;;;;;;;;;;;;;;;;;;;;;;;;;;;;;;
;;;;;;;;;;;;;;;;;;;;;;;;;;;;;;;;;;;;;;;;;;;;;JOHNNIS.SCHIAVON                       ;;;;;
;;;;;;;;;;;;;;;;;;;;;;;;;;;;;;;;;;;;;;;;;;;;;;;;;;
;;;;;;;;;;;;;;;;;;;;;;;;;;;;;;;;;;;;;;;;;;;;;;;;;;
Data Pagamento: 01/04/2026;;;;;;;;;;;;;;;;;;;;;;;;;;;;;;;;;;;;;;;;;;;;;;;;;;
;;;;;;;;;;;;;;;;;;;;;;;;;;;;;;;;;;;;;;;;;;;;;;;;;;
;;;;;;;;;;CPF / CNPJ: 818.818.199-49;;;;;;;;;;;;;;;;;;;;;;;;;;;;;;;;;;;;;;;;
;;;;;;;;;;;;;;;;;;;;;;;;;;;;;;;;;;;;;;;;;;;;;;;;;;
;;;;;;;;;;;;;;;;;;;;;;;;;;;;;;;;;;;;;;;;;;;;;;;;;;
297203;;;;1405-1;;01/04/2026;;13403-BRUNA SAYURI DE SOUZARIBEIRO KANZAKI;;;;230,000;;0,65000;;;149,50   ;;;;;149,50;;ACF-9F95;SFC-S SUCATA DEFERRO (CHAPARIA);KG ;;R$ 0,00;;;0,0;0,00;;FORNECEDOR;;;ELETRÔNICA;;
;;;;;;;;;;;;;;;;;;;;;;;;;;;;;;;;;;;;;;;;;;;;;;;;;;
;;;;;;;;;;;;;;;;;;;;;;;;;;;;;;;;;;;;;;;;;;;;;JOHNNIS.SCHIAVON                       ;;;;;
;;;;;;;;;;;;;;;;;;;;;;;;;;;;;;;;;;;;;;;;;;;;;;;;;;
;;;;;;;;;;;;;;;;;;;;;;;;;;;;;;;;;;;;;;;;;;;;;;;;;;
Data Pagamento: 01/04/2026;;;;;;;;;;;;;;;;;;;;;;;;;;;;;;;;;;;;;;;;;;;;;;;;;;
;;;;;;;;;;;;;;;;;;;;;;;;;;;;;;;;;;;;;;;;;;;;;;;;;;
;;;;;;;;;;CPF / CNPJ: 457.513.968-80;;;;;;;;;;;;;;;;;;;;;;;;;;;;;;;;;;;;;;;;
;;;;;;;;;;;;;;;;;;;;;;;;;;;;;;;;;;;;;;;;;;;;;;;;;;
;;;;;;;;;;;;;;;;;;;;;;;;;;;;;;;;;;;;;;;;;;;;;;;;;;
297196;;;;53527-1;;01/04/2026;;14090-FERNANDO GALDINOSANTANA;;;;4.640,000;;0,75000;;;3.480,00   ;;;;;3.480,00;;AWV-7A10;SFC-S SUCATA DEFERRO (CHAPARIA);KG ;;R$ 0,00;;;0,0;0,00;;FORNECEDOR;;;ELETRÔNICA;;
;;;;;;;;;;;;;;;;;;;;;;;;;;;;;;;;;;;;;;;;;;;;;;;;;;
;;;;;;;;;;;;;;;;;;;;;;;;;;;;;;;;;;;;;;;;;;;;;TIAGO LUIS DESOUZA                    ;;;;;
;;;;;;;;;;;;;;;;;;;;;;;;;;;;;;;;;;;;;;;;;;;;;;;;;;
;;;;;;;;;;;;;;;;;;;;;;;;;;;;;;;;;;;;;;;;;;;;;;;;;;
Data Pagamento: 01/04/2026;;;;;;;;;;;;;;;;;;;;;;;;;;;;;;;;;;;;;;;;;;;;;;;;;;
;;;;;;;;;;;;;;;;;;;;;;;;;;;;;;;;;;;;;;;;;;;;;;;;;;
;;;;;;;;;;CPF / CNPJ: 029.519.469-37;;;;;;;;;;;;;;;;;;;;;;;;;;;;;;;;;;;;;;;;
;;;;;;;;;;;;;;;;;;;;;;;;;;;;;;;;;;;;;;;;;;;;;;;;;;
;;;;;;;;;;;;;;;;;;;;;;;;;;;;;;;;;;;;;;;;;;;;;;;;;;
297201;;;;53528-1;;01/04/2026;;4528-DENNER CARNEIRO DA SILVA;;;;660,000;;0,70000;;;462,00   ;;;;;462,00;;ACB-6J76;SFC-S SUCATA DEFERRO (CHAPARIA);KG ;;R$ 0,00;;;0,0;0,00;;FORNECEDOR;;;ELETRÔNICA;;
;;;;;;;;;;;;;;;;;;;;;;;;;;;;;;;;;;;;;;;;;;;;;;;;;;
;;;;;;;;;;;;;;;;;;;;;;;;;;;;;;;;;;;;;;;;;;;;;TIAGO LUIS DESOUZA                    ;;;;;
;;;;;;;;;;;;;;;;;;;;;;;;;;;;;;;;;;;;;;;;;;;;;;;;;;
;;;;;;;;;;;;;;;;;;;;;;;;;;;;;;;;;;;;;;;;;;;;;;;;;;
Data Pagamento: 01/04/2026;;;;;;;;;;;;;;;;;;;;;;;;;;;;;;;;;;;;;;;;;;;;;;;;;;
;;;;;;;;;;CPF / CNPJ: 081.885.609-28;;;;;;;;;;;;;;;;;;;;;;;;;;;;;;;;;;;;;;;;
;;;;;;;;;;;;;;;;;;;;;;;;;;;;;;;;;;;;;;;;;;;;;;;;;;
297198;;;;31809-1;;01/04/2026;;3655-SILAS LOPES DA SILVAMARQUES;;;;520,000;;1,00000;;;520,00   ;;;;;520,00;;QAF-9913;SFF-S SUCATA DEFERRO (FUNDIDOMISTA);KG ;;R$ 0,00;;;0,0;0,00;;FORNECEDOR;;;ELETRÔNICA;;
;;;;;;;;;;;;;;;;;;;;;;;;;;;;;;;;;;;;;;;;;;;;;;;;;;
;;;;;;;;;;;;;;;;;;;;;;;;;;;;;;;;;;;;;;;;;;;;;RODOLFO.SALU                           ;;;;;
;;;;;;;;;;;;;;;;;;;;;;;;;;;;;;;;;;;;;;;;;;;;;;;;;;
;;;;;;;;;;;;;;;;;;;;;;;;;;;;;;;;;;;;;;;;;;;;;;;;;;
Data Pagamento: 01/04/2026;;;;;;;;;;;;;;;;;;;;;;;;;;;;;;;;;;;;;;;;;;;;;;;;;;
;;;;;;;;;;;;;;;;;;;;;;;;;;;;;;;;;;;;;;;;;;;;;;;;;;
;;;;;;;;;;CPF / CNPJ: 800.679.481-20;;;;;;;;;;;;;;;;;;;;;;;;;;;;;;;;;;;;;;;;
;;;;;;;;;;;;;;;;;;;;;;;;;;;;;;;;;;;;;;;;;;;;;;;;;;
;;;;;;;;;;;;;;;;;;;;;;;;;;;;;;;;;;;;;;;;;;;;;;;;;;
297198;;;;31809-1;;01/04/2026;;3655-SILAS LOPES DA SILVAMARQUES;;;;640,000;;0,80000;;;512,00   ;;;;;512,00;;QAF-9913;SFMIU-S SUCATA DEFERRO (MIUDA);KG ;;R$ 0,00;;;0,0;0,00;;FORNECEDOR;;;ELETRÔNICA;;
;;;;;;;;;;;;;;;;;;;;;;;;;;;;;;;;;;;;;;;;;;;;;;;;;;
;;;;;;;;;;;;;;;;;;;;;;;;;;;;;;;;;;;;;;;;;;;;;RODOLFO.SALU                           ;;;;;
;;;;;;;;;;;;;;;;;;;;;;;;;;;;;;;;;;;;;;;;;;;;;;;;;;
;;;;;;;;;;;;;;;;;;;;;;;;;;;;;;;;;;;;;;;;;;;;;;;;;;
Data Pagamento: 01/04/2026;;;;;;;;;;;;;;;;;;;;;;;;;;;;;;;;;;;;;;;;;;;;;;;;;;
;;;;;;;;;;;;;;;;;;;;;;;;;;;;;;;;;;;;;;;;;;;;;;;;;;
;;;;;;;;;;CPF / CNPJ: 800.679.481-20;;;;;;;;;;;;;;;;;;;;;;;;;;;;;;;;;;;;;;;;
;;;;;;;;;;;;;;;;;;;;;;;;;;;;;;;;;;;;;;;;;;;;;;;;;;
;;;;;;;;;;;;;;;;;;;;;;;;;;;;;;;;;;;;;;;;;;;;;;;;;;
297205;;;;38788-1;;01/04/2026;;18381-ROGERIO SUNTAQUE;;;;1.830,000;;0,80000;;;1.464,00   ;;;;;1.464,00;;AKE-2116;SFMIU-S SUCATA DEFERRO (MIUDA);KG ;;R$ 0,00;;;0,0;0,00;;FORNECEDOR;;;ELETRÔNICA;;
;;;;;;;;;;;;;;;;;;;;;;;;;;;;;;;;;;;;;;;;;;;;;;;;;;
;;;;;;;;;;;;;;;;;;;;;;;;;;;;;;;;;;;;;;;;;;;;;VALTER VIERIA                          ;;;;;
;;;;;;;;;;;;;;;;;;;;;;;;;;;;;;;;;;;;;;;;;;;;;;;;;;
;;;;;;;;;;;;;;;;;;;;;;;;;;;;;;;;;;;;;;;;;;;;;;;;;;
Data Pagamento: 01/04/2026;;;;;;;;;;;;;;;;;;;;;;;;;;;;;;;;;;;;;;;;;;;;;;;;;;
;;;;;;;;;;CPF / CNPJ: 018.276.599-71;;;;;;;;;;;;;;;;;;;;;;;;;;;;;;;;;;;;;;;;
;;;;;;;;;;;;;;;;;;;;;;;;;;;;;;;;;;;;;;;;;;;;;;;;;;
297202;;;;53529-1;;01/04/2026;;9545-KLEBER NOQUELLI;;;;1.540,000;;0,70000;;;1.078,00   ;;;;;1.078,00;;CGR-5F84;SFC-S SUCATA DEFERRO (CHAPARIA);KG ;;R$ 0,00;;;0,0;0,00;;FORNECEDOR;;;ELETRÔNICA;;
;;;;;;;;;;;;;;;;;;;;;;;;;;;;;;;;;;;;;;;;;;;;;;;;;;
;;;;;;;;;;;;;;;;;;;;;;;;;;;;;;;;;;;;;;;;;;;;;TIAGO LUIS DESOUZA                    ;;;;;
;;;;;;;;;;;;;;;;;;;;;;;;;;;;;;;;;;;;;;;;;;;;;;;;;;
;;;;;;;;;;;;;;;;;;;;;;;;;;;;;;;;;;;;;;;;;;;;;;;;;;
Data Pagamento: 01/04/2026;;;;;;;;;;;;;;;;;;;;;;;;;;;;;;;;;;;;;;;;;;;;;;;;;;
;;;;;;;;;;CPF / CNPJ: 045.143.179-00;;;;;;;;;;;;;;;;;;;;;;;;;;;;;;;;;;;;;;;;
;;;;;;;;;;;;;;;;;;;;;;;;;;;;;;;;;;;;;;;;;;;;;;;;;;
297206;;;;53530-1;;01/04/2026;;4650-LUHAN CRISTIANO DEGODOY;;;;300,000;;0,80000;;;240,00   ;;;;;240,00;;DIJ-8J71;SFMIU-S SUCATA DEFERRO (MIUDA);KG ;;R$ 0,00;;;0,0;0,00;;FORNECEDOR;;;ELETRÔNICA;;
;;;;;;;;;;;;;;;;;;;;;;;;;;;;;;;;;;;;;;;;;;;;;;;;;;
;;;;;;;;;;;;;;;;;;;;;;;;;;;;;;;;;;;;;;;;;;;;;TIAGO LUIS DESOUZA                    ;;;;;
;;;;;;;;;;;;;;;;;;;;;;;;;;;;;;;;;;;;;;;;;;;;;;;;;;
;;;;;;;;;;;;;;;;;;;;;;;;;;;;;;;;;;;;;;;;;;;;;;;;;;
Data Pagamento: 01/04/2026;;;;;;;;;;;;;;;;;;;;;;;;;;;;;;;;;;;;;;;;;;;;;;;;;;
;;;;;;;;;;;;;;;;;;;;;;;;;;;;;;;;;;;;;;;;;;;;;;;;;;
;;;;;;;;;;CPF / CNPJ: 074.887.679-00;;;;;;;;;;;;;;;;;;;;;;;;;;;;;;;;;;;;;;;;
;;;;;;;;;;;;;;;;;;;;;;;;;;;;;;;;;;;;;;;;;;;;;;;;;;
;;;;;;;;;;;;;;;;;;;;;;;;;;;;;;;;;;;;;;;;;;;;;;;;;;

www.sygecom.com.br - relatorios\sagi_rel_sem_agrupa_bol_placa_prod_bol_prod_20.fr3;;;;;;;;;;;;;;;;;;;;;;;;;;;;;;
Boleto;;;Nota Fiscal;;Data;Fornecedor;;;;;Quantidade;;;Preço;;;;R$ Total;Total c/ ICMSl;;;;;Placa;Produto;UN;;Valor IPI R$;;;;;Desconto;;Desconto R$;;;;Frete;;;Pesagem;;;Classificador;;;
;;;;;;;;;;;;;;;;;;;;;;;;;;;;;;;;;;;;;;;;;
297204;;;;;01/04/2026;;11678-DANIEL DA COSTAMACHADO ME;;;;1.570,000;;0,60000;;;942,00   ;;;;;942,00;;;GVK-3926;SFC-S SUCATA DEFERRO (CHAPARIA);;KG ;;;R$ 0,00;;;0,0;0,00;;;;FORNECEDOR;;;ELETRÔNICA;;;;;;
;;;;;;;;;;;;;;;;;;;;;;;;;;;;;;;;;;;;;;;;;;;;;;
;;;;;;;;;;;;;;;;;;;;;;;;;;;;;;;;;;;;;;;;;;;LUIZGUILHERME                         ;;;
;;;;;;;;;;;;;;;;;;;;;;;;;;;;;;;;;;;;;;;;;;;;;;
;;;;;;;;;;;;;;;;;;;;;;;;;;;;;;;;;;;;;;;;;;;;;;
;;;;;;;;;;;;;;;;;;;;;;;;;;;;;;;;;;;;;;;;;;;;;;
;;;;;;;;;;;;;;;;;;;;;;;;;;;;;;;;;;;;;;;;;;;;;;
;;;;;;;;CPF / CNPJ: 20.328.003/0001-66;;;;;;;;;;;;;;;;;;;;;;;;;;;;;;;;;;;;;;
;;;;;;;;;;;;;;;;;;;;;;;;;;;;;;;;;;;;;;;;;;;;;;
297208;;;38781-1;;01/04/2026;18275-SEVERINO DOS SANTOS;;;;160,000;;0,65000;;;104,00   ;;;;;104,00;;OHW-9D74;SFC-S SUCATA DEFERRO (CHAPARIA);KG ;;R$ 0,00;;;0,0;0,00;;FORNECEDOR;;;ELETRÔNICA;;
;;;;;;;;;;;;;;;;;;;;;;;;;;;;;;;;;;;;;;;;;;;;;;
;;;;;;;;;;;;;;;;;;;;;;;;;;;;;;;;;;;;;;;;;;;VALTER VIERIA                          ;;;
;;;;;;;;;;;;;;;;;;;;;;;;;;;;;;;;;;;;;;;;;;;;;;
;;;;;;;;;;;;;;;;;;;;;;;;;;;;;;;;;;;;;;;;;;;;;;
Data Pagamento: 01/04/2026;;;;;;;;;;;;;;;;;;;;;;;;;;;;;;;;;;;;;;;;;;;;;;
;;;;;;;;CPF / CNPJ: 036.974.979-01;;;;;;;;;;;;;;;;;;;;;;;;;;;;;;;;;;;;;;
;;;;;;;;;;;;;;;;;;;;;;;;;;;;;;;;;;;;;;;;;;;;;;
297207;;;53535-1;;01/04/2026;10662-VALMIR DE LUCCA;;;;1.460,000;;0,65000;;;949,00   ;;;;;949,00;;AOC-0H41;SFC-S SUCATA DEFERRO (CHAPARIA);KG ;;R$ 0,00;;;0,0;0,00;;FORNECEDOR;;;ELETRÔNICA;;
;;;;;;;;;;;;;;;;;;;;;;;;;;;;;;;;;;;;;;;;;;;;;;
;;;;;;;;;;;;;;;;;;;;;;;;;;;;;;;;;;;;;;;;;;;TIAGO LUIS DESOUZA                    ;;;
;;;;;;;;;;;;;;;;;;;;;;;;;;;;;;;;;;;;;;;;;;;;;;
;;;;;;;;;;;;;;;;;;;;;;;;;;;;;;;;;;;;;;;;;;;;;;
Data Pagamento: 01/04/2026;;;;;;;;;;;;;;;;;;;;;;;;;;;;;;;;;;;;;;;;;;;;;;
;;;;;;;;CPF / CNPJ: 916.300.539-53;;;;;;;;;;;;;;;;;;;;;;;;;;;;;;;;;;;;;;
;;;;;;;;;;;;;;;;;;;;;;;;;;;;;;;;;;;;;;;;;;;;;;
297210;;;1406-1;;01/04/2026;18148-NILSON CESAR;;;;70,000;;0,65000;;;45,50   ;;;;;45,50;;AFE-7D90;SFC-S SUCATA DEFERRO (CHAPARIA);KG ;;R$ 0,00;;;0,0;0,00;;FORNECEDOR;;;ELETRÔNICA;;
;;;;;;;;;;;;;;;;;;;;;;;;;;;;;;;;;;;;;;;;;;;;;;
;;;;;;;;;;;;;;;;;;;;;;;;;;;;;;;;;;;;;;;;;;;JOHNNIS.SCHIAVON                       ;;;
;;;;;;;;;;;;;;;;;;;;;;;;;;;;;;;;;;;;;;;;;;;;;;
;;;;;;;;;;;;;;;;;;;;;;;;;;;;;;;;;;;;;;;;;;;;;;
Data Pagamento: 01/04/2026;;;;;;;;;;;;;;;;;;;;;;;;;;;;;;;;;;;;;;;;;;;;;;
;;;;;;;;CPF / CNPJ: 001.333.959-10;;;;;;;;;;;;;;;;;;;;;;;;;;;;;;;;;;;;;;
;;;;;;;;;;;;;;;;;;;;;;;;;;;;;;;;;;;;;;;;;;;;;;
297214;;;1407-1;;01/04/2026;6281-JOSE RICARDO EMILIANO DEAZEVEDO;;;;270,000;;0,65000;;;175,50   ;;;;;175,50;;SEM-PLAC;SFC-S SUCATA DEFERRO (CHAPARIA);KG ;;R$ 0,00;;;0,0;0,00;;FORNECEDOR;;;ELETRÔNICA;;
;;;;;;;;;;;;;;;;;;;;;;;;;;;;;;;;;;;;;;;;;;;;;;
;;;;;;;;;;;;;;;;;;;;;;;;;;;;;;;;;;;;;;;;;;;JOHNNIS.SCHIAVON                       ;;;
;;;;;;;;;;;;;;;;;;;;;;;;;;;;;;;;;;;;;;;;;;;;;;
;;;;;;;;;;;;;;;;;;;;;;;;;;;;;;;;;;;;;;;;;;;;;;
Data Pagamento: 01/04/2026;;;;;;;;;;;;;;;;;;;;;;;;;;;;;;;;;;;;;;;;;;;;;;
;;;;;;;;;;;;;;;;;;;;;;;;;;;;;;;;;;;;;;;;;;;;;;
;;;;;;;;CPF / CNPJ: 007.728.809-21;;;;;;;;;;;;;;;;;;;;;;;;;;;;;;;;;;;;;;
;;;;;;;;;;;;;;;;;;;;;;;;;;;;;;;;;;;;;;;;;;;;;;
;;;;;;;;;;;;;;;;;;;;;;;;;;;;;;;;;;;;;;;;;;;;;;
297209;;;53532-1;;01/04/2026;4963-JUNIOR CESAR NEVES;;;;680,000;;0,80000;;;544,00   ;;;;;544,00;;ACN-4071;SFMIU-S SUCATA DEFERRO (MIUDA);KG ;;R$ 0,00;;;0,0;0,00;;FORNECEDOR;;;ELETRÔNICA;;
;;;;;;;;;;;;;;;;;;;;;;;;;;;;;;;;;;;;;;;;;;;;;;
;;;;;;;;;;;;;;;;;;;;;;;;;;;;;;;;;;;;;;;;;;;TIAGO LUIS DESOUZA                    ;;;
;;;;;;;;;;;;;;;;;;;;;;;;;;;;;;;;;;;;;;;;;;;;;;
;;;;;;;;;;;;;;;;;;;;;;;;;;;;;;;;;;;;;;;;;;;;;;
Data Pagamento: 01/04/2026;;;;;;;;;;;;;;;;;;;;;;;;;;;;;;;;;;;;;;;;;;;;;;
;;;;;;;;CPF / CNPJ: 025.860.859-57;;;;;;;;;;;;;;;;;;;;;;;;;;;;;;;;;;;;;;
;;;;;;;;;;;;;;;;;;;;;;;;;;;;;;;;;;;;;;;;;;;;;;
297211;;;;;01/04/2026;5792-VINICOLOR IND E COM DETINTAS TEXTURAS E GRAFIATOLTDA;;;;740,000;;0,40000;;;296,00   ;;;;;296,00;;GPZ-5F48;SFC-S SUCATA DEFERRO (CHAPARIA);KG ;;R$ 0,00;;;0,0;0,00;;EMPRESA   ;;;ELETRÔNICA;;
;;;;;;;;;;;;;;;;;;;;;;;;;;;;;;;;;;;;;;;;;;;;;;
;;;;;;;;;;;;;;;;;;;;;;;;;;;;;;;;;;;;;;;;;;;VALTER VIERIA                          ;;;
;;;;;;;;;;;;;;;;;;;;;;;;;;;;;;;;;;;;;;;;;;;;;;
;;;;;;;;;;;;;;;;;;;;;;;;;;;;;;;;;;;;;;;;;;;;;;
;;;;;;;;;;;;;;;;;;;;;;;;;;;;;;;;;;;;;;;;;;;;;;
;;;;;;;;;;;;;;;;;;;;;;;;;;;;;;;;;;;;;;;;;;;;;;
;;;;;;;;CPF / CNPJ: 07.855.544/0001-84;;;;;;;;;;;;;;;;;;;;;;;;;;;;;;;;;;;;;;
;;;;;;;;;;;;;;;;;;;;;;;;;;;;;;;;;;;;;;;;;;;;;;
297212;;;38786-1;;01/04/2026;14760-RENATO EUGENIO DA SILVA;;;;670,000;;0,65000;;;435,50   ;;;;;435,50;;ADH-4G40;SFC-S SUCATA DEFERRO (CHAPARIA);KG ;;R$ 0,00;;;0,0;0,00;;FORNECEDOR;;;ELETRÔNICA;;
;;;;;;;;;;;;;;;;;;;;;;;;;;;;;;;;;;;;;;;;;;;;;;
;;;;;;;;;;;;;;;;;;;;;;;;;;;;;;;;;;;;;;;;;;;VALTER VIERIA                          ;;;
;;;;;;;;;;;;;;;;;;;;;;;;;;;;;;;;;;;;;;;;;;;;;;
;;;;;;;;;;;;;;;;;;;;;;;;;;;;;;;;;;;;;;;;;;;;;;
Data Pagamento: 01/04/2026;;;;;;;;;;;;;;;;;;;;;;;;;;;;;;;;;;;;;;;;;;;;;;
;;;;;;;;CPF / CNPJ: 040.476.929-21;;;;;;;;;;;;;;;;;;;;;;;;;;;;;;;;;;;;;;
;;;;;;;;;;;;;;;;;;;;;;;;;;;;;;;;;;;;;;;;;;;;;;
297197;;;;;01/04/2026;4899-ADECOAGRO VALE DOIVINHEMA S.A.;;;;4.680,000;;0,10000;;;468,00   ;;;;;468,00;;TKI-2E74;SPAPL-S SUCATA DEPAPELAO;KG ;;R$ 0,00;;;0,0;0,00;;EMPRESA   ;;;ELETRÔNICA;;
;;;;;;;;;;;;;;;;;;;;;;;;;;;;;;;;;;;;;;;;;;;;;;
;;;;;;;;;;;;;;;;;;;;;;;;;;;;;;;;;;;;;;;;;;;RODOLFO.SALU                           ;;;
;;;;;;;;;;;;;;;;;;;;;;;;;;;;;;;;;;;;;;;;;;;;;;
;;;;;;;;;;;;;;;;;;;;;;;;;;;;;;;;;;;;;;;;;;;;;;
;;;;;;;;;;;;;;;;;;;;;;;;;;;;;;;;;;;;;;;;;;;;;;
;;;;;;;;;;;;;;;;;;;;;;;;;;;;;;;;;;;;;;;;;;;;;;
;;;;;;;;CPF / CNPJ: 07.903.169/0017-68;;;;;;;;;;;;;;;;;;;;;;;;;;;;;;;;;;;;;;
;;;;;;;;;;;;;;;;;;;;;;;;;;;;;;;;;;;;;;;;;;;;;;
297197;;;;;01/04/2026;4899-ADECOAGRO VALE DOIVINHEMA S.A.;;;;10.960,000;;0,85000;;;9.316,00   ;;;;;9.316,00;;TKI-2E74;SFMIU-S SUCATA DEFERRO (MIUDA);KG ;;R$ 0,00;;;0,0;0,00;;EMPRESA   ;;;ELETRÔNICA;;
;;;;;;;;;;;;;;;;;;;;;;;;;;;;;;;;;;;;;;;;;;;;;;
;;;;;;;;;;;;;;;;;;;;;;;;;;;;;;;;;;;;;;;;;;;RODOLFO.SALU                           ;;;
;;;;;;;;;;;;;;;;;;;;;;;;;;;;;;;;;;;;;;;;;;;;;;
;;;;;;;;;;;;;;;;;;;;;;;;;;;;;;;;;;;;;;;;;;;;;;
;;;;;;;;;;;;;;;;;;;;;;;;;;;;;;;;;;;;;;;;;;;;;;
;;;;;;;;;;;;;;;;;;;;;;;;;;;;;;;;;;;;;;;;;;;;;;
;;;;;;;;CPF / CNPJ: 07.903.169/0017-68;;;;;;;;;;;;;;;;;;;;;;;;;;;;;;;;;;;;;;
;;;;;;;;;;;;;;;;;;;;;;;;;;;;;;;;;;;;;;;;;;;;;;
297200;;;65428-1;;01/04/2026;4148-EDUARDO ZELINKA  ALAMINO;;;;1.800,000;;0,65000;;;1.170,00   ;;;;;1.170,00;;BXI-1086;SFC-S SUCATA DEFERRO (CHAPARIA);KG ;;R$ 0,00;;;0,0;0,00;;FORNECEDOR;;;ELETRÔNICA;;
;;;;;;;;;;;;;;;;;;;;;;;;;;;;;;;;;;;;;;;;;;;;;;
;;;;;;;;;;;;;;;;;;;;;;;;;;;;;;;;;;;;;;;;;;;MAURICIO                               ;;;
;;;;;;;;;;;;;;;;;;;;;;;;;;;;;;;;;;;;;;;;;;;;;;
;;;;;;;;;;;;;;;;;;;;;;;;;;;;;;;;;;;;;;;;;;;;;;
Data Pagamento: 01/04/2026;;;;;;;;;;;;;;;;;;;;;;;;;;;;;;;;;;;;;;;;;;;;;;
;;;;;;;;CPF / CNPJ: 138.297.308-02;;;;;;;;;;;;;;;;;;;;;;;;;;;;;;;;;;;;;;
;;;;;;;;;;;;;;;;;;;;;;;;;;;;;;;;;;;;;;;;;;;;;;
297200;;;65428-1;;01/04/2026;4148-EDUARDO ZELINKA  ALAMINO;;;;1.960,000;;0,80000;;;1.568,00   ;;;;;1.568,00;;BXI-1086;SFMIU-S SUCATA DEFERRO (MIUDA);KG ;;R$ 0,00;;;0,0;0,00;;FORNECEDOR;;;ELETRÔNICA;;
;;;;;;;;;;;;;;;;;;;;;;;;;;;;;;;;;;;;;;;;;;;;;;
;;;;;;;;;;;;;;;;;;;;;;;;;;;;;;;;;;;;;;;;;;;MAURICIO                               ;;;
;;;;;;;;;;;;;;;;;;;;;;;;;;;;;;;;;;;;;;;;;;;;;;
;;;;;;;;;;;;;;;;;;;;;;;;;;;;;;;;;;;;;;;;;;;;;;
Data Pagamento: 01/04/2026;;;;;;;;;;;;;;;;;;;;;;;;;;;;;;;;;;;;;;;;;;;;;;
;;;;;;;;CPF / CNPJ: 138.297.308-02;;;;;;;;;;;;;;;;;;;;;;;;;;;;;;;;;;;;;;
;;;;;;;;;;;;;;;;;;;;;;;;;;;;;;;;;;;;;;;;;;;;;;
297213;;;53533-1;;01/04/2026;14834-IVO FRANCISCO DOESPIRITO SANTO;;;;420,000;;0,65000;;;273,00   ;;;;;273,00;;AOO-5158;SFC-S SUCATA DEFERRO (CHAPARIA);KG ;;R$ 0,00;;;0,0;0,00;;FORNECEDOR;;;ELETRÔNICA;;
;;;;;;;;;;;;;;;;;;;;;;;;;;;;;;;;;;;;;;;;;;;;;;
;;;;;;;;;;;;;;;;;;;;;;;;;;;;;;;;;;;;;;;;;;;TIAGO LUIS DESOUZA                    ;;;
;;;;;;;;;;;;;;;;;;;;;;;;;;;;;;;;;;;;;;;;;;;;;;
;;;;;;;;;;;;;;;;;;;;;;;;;;;;;;;;;;;;;;;;;;;;;;
Data Pagamento: 01/04/2026;;;;;;;;;;;;;;;;;;;;;;;;;;;;;;;;;;;;;;;;;;;;;;
;;;;;;;;;;;;;;;;;;;;;;;;;;;;;;;;;;;;;;;;;;;;;;
;;;;;;;;CPF / CNPJ: 599.349.219-87;;;;;;;;;;;;;;;;;;;;;;;;;;;;;;;;;;;;;;
;;;;;;;;;;;;;;;;;;;;;;;;;;;;;;;;;;;;;;;;;;;;;;
;;;;;;;;;;;;;;;;;;;;;;;;;;;;;;;;;;;;;;;;;;;;;;

www.sygecom.com.br - relatorios\sagi_rel_sem_agrupa_bol_placa_prod_bol_prod_20.fr3;;;;;;;;;;;;;;;;;;;;;;;;;;;;
Boleto;;;Nota Fiscal;;Data;Fornecedor;;;;;Quantidade;;;Preço;;;;R$ Total;Total c/ ICMSl;;;;;Placa;Produto;UN;;Valor IPI R$;;;;;Desconto;;Desconto R$;;;;Frete;;;Pesagem;;;Classificador;;;
;;;;;;;;;;;;;;;;;;;;;;;;;;;;;;;;;;;;;;;;;
297215;;;53534-1;;01/04/2026;;18052-ANDRE EDUARDO MARINHOFERREIRA;;;;840,000;;0,65000;;;546,00   ;;;;;546,00;;;KBE-4240;SFC-S SUCATA DEFERRO (CHAPARIA);;KG ;;;R$ 0,00;;;0,0;0,00;;;;FORNECEDOR;;;ELETRÔNICA;;;;;;
;;;;;;;;;;;;;;;;;;;;;;;;;;;;;;;;;;;;;;;;;;;;;;
;;;;;;;;;;;;;;;;;;;;;;;;;;;;;;;;;;;;;;;;;;;TIAGO LUIS DESOUZA                    ;;;
;;;;;;;;;;;;;;;;;;;;;;;;;;;;;;;;;;;;;;;;;;;;;;
;;;;;;;;;;;;;;;;;;;;;;;;;;;;;;;;;;;;;;;;;;;;;;
Data Pagamento: 01/04/2026;;;;;;;;;;;;;;;;;;;;;;;;;;;;;;;;;;;;;;;;;;;;;;
;;;;;;;;;;;;;;;;;;;;;;;;;;;;;;;;;;;;;;;;;;;;;;
;;;;;;;;CPF / CNPJ: 011.277.159-92;;;;;;;;;;;;;;;;;;;;;;;;;;;;;;;;;;;;;;
;;;;;;;;;;;;;;;;;;;;;;;;;;;;;;;;;;;;;;;;;;;;;;
;;;;;;;;;;;;;;;;;;;;;;;;;;;;;;;;;;;;;;;;;;;;;;
297216;;;1408-1;;01/04/2026;13403-BRUNA SAYURI DE SOUZARIBEIRO KANZAKI;;;;60,000;;1,00000;;;60,00   ;;;;;60,00;;ACF-9F95;SFF-S SUCATA DEFERRO (FUNDIDOMISTA);KG ;;R$ 0,00;;;0,0;0,00;;FORNECEDOR;;;ELETRÔNICA;;
;;;;;;;;;;;;;;;;;;;;;;;;;;;;;;;;;;;;;;;;;;;;;;
;;;;;;;;;;;;;;;;;;;;;;;;;;;;;;;;;;;;;;;;;;;JOHNNIS.SCHIAVON                       ;;;
;;;;;;;;;;;;;;;;;;;;;;;;;;;;;;;;;;;;;;;;;;;;;;
;;;;;;;;;;;;;;;;;;;;;;;;;;;;;;;;;;;;;;;;;;;;;;
Data Pagamento: 01/04/2026;;;;;;;;;;;;;;;;;;;;;;;;;;;;;;;;;;;;;;;;;;;;;;
;;;;;;;;;;;;;;;;;;;;;;;;;;;;;;;;;;;;;;;;;;;;;;
;;;;;;;;CPF / CNPJ: 457.513.968-80;;;;;;;;;;;;;;;;;;;;;;;;;;;;;;;;;;;;;;
;;;;;;;;;;;;;;;;;;;;;;;;;;;;;;;;;;;;;;;;;;;;;;
;;;;;;;;;;;;;;;;;;;;;;;;;;;;;;;;;;;;;;;;;;;;;;
297216;;;1408-1;;01/04/2026;13403-BRUNA SAYURI DE SOUZARIBEIRO KANZAKI;;;;250,000;;0,80000;;;200,00   ;;;;;200,00;;ACF-9F95;SFMIU-S SUCATA DEFERRO (MIUDA);KG ;;R$ 0,00;;;0,0;0,00;;FORNECEDOR;;;ELETRÔNICA;;
;;;;;;;;;;;;;;;;;;;;;;;;;;;;;;;;;;;;;;;;;;;;;;
;;;;;;;;;;;;;;;;;;;;;;;;;;;;;;;;;;;;;;;;;;;JOHNNIS.SCHIAVON                       ;;;
;;;;;;;;;;;;;;;;;;;;;;;;;;;;;;;;;;;;;;;;;;;;;;
;;;;;;;;;;;;;;;;;;;;;;;;;;;;;;;;;;;;;;;;;;;;;;
Data Pagamento: 01/04/2026;;;;;;;;;;;;;;;;;;;;;;;;;;;;;;;;;;;;;;;;;;;;;;
;;;;;;;;;;;;;;;;;;;;;;;;;;;;;;;;;;;;;;;;;;;;;;
;;;;;;;;CPF / CNPJ: 457.513.968-80;;;;;;;;;;;;;;;;;;;;;;;;;;;;;;;;;;;;;;
;;;;;;;;;;;;;;;;;;;;;;;;;;;;;;;;;;;;;;;;;;;;;;
;;;;;;;;;;;;;;;;;;;;;;;;;;;;;;;;;;;;;;;;;;;;;;
297218;;;1409-1;;01/04/2026;5526-CIRCO NEGRETE GARCIA;;;;420,000;;0,55000;;;231,00   ;;;;;231,00;;BIU-9458;SCF-S SUCATA DEFERRO (CAVACO);KG ;;R$ 0,00;;;0,0;0,00;;FORNECEDOR;;;ELETRÔNICA;;
;;;;;;;;;;;;;;;;;;;;;;;;;;;;;;;;;;;;;;;;;;;;;;
;;;;;;;;;;;;;;;;;;;;;;;;;;;;;;;;;;;;;;;;;;;JOHNNIS.SCHIAVON                       ;;;
;;;;;;;;;;;;;;;;;;;;;;;;;;;;;;;;;;;;;;;;;;;;;;
;;;;;;;;;;;;;;;;;;;;;;;;;;;;;;;;;;;;;;;;;;;;;;
Data Pagamento: 01/04/2026;;;;;;;;;;;;;;;;;;;;;;;;;;;;;;;;;;;;;;;;;;;;;;
;;;;;;;;CPF / CNPJ: 354.105.159-00;;;;;;;;;;;;;;;;;;;;;;;;;;;;;;;;;;;;;;
;;;;;;;;;;;;;;;;;;;;;;;;;;;;;;;;;;;;;;;;;;;;;;
297219;;;19857-2;;01/04/2026;12008-EDSON MORAIS COUTINHO;;;;310,000;;0,60000;;;186,00   ;;;;;186,00;;IEX-4857;SFC-S SUCATA DEFERRO (CHAPARIA);KG ;;R$ 0,00;;;0,0;0,00;;FORNECEDOR;;;ELETRÔNICA;;
;;;;;;;;;;;;;;;;;;;;;;;;;;;;;;;;;;;;;;;;;;;;;;
;;;;;;;;;;;;;;;;;;;;;;;;;;;;;;;;;;;;;;;;;;;LUIZGUILHERME                         ;;;
;;;;;;;;;;;;;;;;;;;;;;;;;;;;;;;;;;;;;;;;;;;;;;
;;;;;;;;;;;;;;;;;;;;;;;;;;;;;;;;;;;;;;;;;;;;;;
Data Pagamento: 01/04/2026;;;;;;;;;;;;;;;;;;;;;;;;;;;;;;;;;;;;;;;;;;;;;;
;;;;;;;;CPF / CNPJ: 058.568.128-75;;;;;;;;;;;;;;;;;;;;;;;;;;;;;;;;;;;;;;
;;;;;;;;;;;;;;;;;;;;;;;;;;;;;;;;;;;;;;;;;;;;;;
297218;;;1409-1;;01/04/2026;5526-CIRCO NEGRETE GARCIA;;;;200,000;;0,80000;;;160,00   ;;;;;160,00;;BIU-9458;SFMIU-S SUCATA DEFERRO (MIUDA);KG ;;R$ 0,00;;;0,0;0,00;;FORNECEDOR;;;ELETRÔNICA;;
;;;;;;;;;;;;;;;;;;;;;;;;;;;;;;;;;;;;;;;;;;;;;;
;;;;;;;;;;;;;;;;;;;;;;;;;;;;;;;;;;;;;;;;;;;JOHNNIS.SCHIAVON                       ;;;
;;;;;;;;;;;;;;;;;;;;;;;;;;;;;;;;;;;;;;;;;;;;;;
;;;;;;;;;;;;;;;;;;;;;;;;;;;;;;;;;;;;;;;;;;;;;;
Data Pagamento: 01/04/2026;;;;;;;;;;;;;;;;;;;;;;;;;;;;;;;;;;;;;;;;;;;;;;
;;;;;;;;CPF / CNPJ: 354.105.159-00;;;;;;;;;;;;;;;;;;;;;;;;;;;;;;;;;;;;;;
;;;;;;;;;;;;;;;;;;;;;;;;;;;;;;;;;;;;;;;;;;;;;;
297217;;;19856-2;;01/04/2026;12101-BENTO FERREIRA SOBRALNETO;;;;930,000;;0,80000;;;744,00   ;;;;;744,00;;HRO-8S24;SFMIU-S SUCATA DEFERRO (MIUDA);KG ;;R$ 0,00;;;0,0;0,00;;FORNECEDOR;;;ELETRÔNICA;;
;;;;;;;;;;;;;;;;;;;;;;;;;;;;;;;;;;;;;;;;;;;;;;
;;;;;;;;;;;;;;;;;;;;;;;;;;;;;;;;;;;;;;;;;;;LUIZGUILHERME                         ;;;
;;;;;;;;;;;;;;;;;;;;;;;;;;;;;;;;;;;;;;;;;;;;;;
;;;;;;;;;;;;;;;;;;;;;;;;;;;;;;;;;;;;;;;;;;;;;;
Data Pagamento: 01/04/2026;;;;;;;;;;;;;;;;;;;;;;;;;;;;;;;;;;;;;;;;;;;;;;
;;;;;;;;;;;;;;;;;;;;;;;;;;;;;;;;;;;;;;;;;;;;;;
;;;;;;;;CPF / CNPJ: 545.537.171-15;;;;;;;;;;;;;;;;;;;;;;;;;;;;;;;;;;;;;;
;;;;;;;;;;;;;;;;;;;;;;;;;;;;;;;;;;;;;;;;;;;;;;
;;;;;;;;;;;;;;;;;;;;;;;;;;;;;;;;;;;;;;;;;;;;;;
297217;;;19856-2;;01/04/2026;12101-BENTO FERREIRA SOBRALNETO;;;;890,000;;0,60000;;;534,00   ;;;;;534,00;;HRO-8S24;SFC-S SUCATA DEFERRO (CHAPARIA);KG ;;R$ 0,00;;;0,0;0,00;;FORNECEDOR;;;ELETRÔNICA;;
;;;;;;;;;;;;;;;;;;;;;;;;;;;;;;;;;;;;;;;;;;;;;;
;;;;;;;;;;;;;;;;;;;;;;;;;;;;;;;;;;;;;;;;;;;LUIZGUILHERME                         ;;;
;;;;;;;;;;;;;;;;;;;;;;;;;;;;;;;;;;;;;;;;;;;;;;
;;;;;;;;;;;;;;;;;;;;;;;;;;;;;;;;;;;;;;;;;;;;;;
Data Pagamento: 01/04/2026;;;;;;;;;;;;;;;;;;;;;;;;;;;;;;;;;;;;;;;;;;;;;;
;;;;;;;;;;;;;;;;;;;;;;;;;;;;;;;;;;;;;;;;;;;;;;
;;;;;;;;CPF / CNPJ: 545.537.171-15;;;;;;;;;;;;;;;;;;;;;;;;;;;;;;;;;;;;;;
;;;;;;;;;;;;;;;;;;;;;;;;;;;;;;;;;;;;;;;;;;;;;;
;;;;;;;;;;;;;;;;;;;;;;;;;;;;;;;;;;;;;;;;;;;;;;
297224;;;53536-1;;01/04/2026;16629-OSMAR FARINA;;;;200,000;;0,65000;;;130,00   ;;;;;130,00;;CQB-3975;SFC-S SUCATA DEFERRO (CHAPARIA);KG ;;R$ 0,00;;;0,0;0,00;;FORNECEDOR;;;ELETRÔNICA;;
;;;;;;;;;;;;;;;;;;;;;;;;;;;;;;;;;;;;;;;;;;;;;;
;;;;;;;;;;;;;;;;;;;;;;;;;;;;;;;;;;;;;;;;;;;TIAGO LUIS DESOUZA                    ;;;
;;;;;;;;;;;;;;;;;;;;;;;;;;;;;;;;;;;;;;;;;;;;;;
;;;;;;;;;;;;;;;;;;;;;;;;;;;;;;;;;;;;;;;;;;;;;;
Data Pagamento: 01/04/2026;;;;;;;;;;;;;;;;;;;;;;;;;;;;;;;;;;;;;;;;;;;;;;
;;;;;;;;CPF / CNPJ: 209.867.009-59;;;;;;;;;;;;;;;;;;;;;;;;;;;;;;;;;;;;;;
;;;;;;;;;;;;;;;;;;;;;;;;;;;;;;;;;;;;;;;;;;;;;;
297222;;;53539-1;;01/04/2026;18359-GENILSON PEREIRA DASILVA;;;;760,000;;0,65000;;;494,00   ;;;;;494,00;;CAZ-4652;SFC-S SUCATA DEFERRO (CHAPARIA);KG ;;R$ 0,00;;;0,0;0,00;;FORNECEDOR;;;ELETRÔNICA;;
;;;;;;;;;;;;;;;;;;;;;;;;;;;;;;;;;;;;;;;;;;;;;;
;;;;;;;;;;;;;;;;;;;;;;;;;;;;;;;;;;;;;;;;;;;TIAGO LUIS DESOUZA                    ;;;
;;;;;;;;;;;;;;;;;;;;;;;;;;;;;;;;;;;;;;;;;;;;;;
;;;;;;;;;;;;;;;;;;;;;;;;;;;;;;;;;;;;;;;;;;;;;;
Data Pagamento: 01/04/2026;;;;;;;;;;;;;;;;;;;;;;;;;;;;;;;;;;;;;;;;;;;;;;
;;;;;;;;;;;;;;;;;;;;;;;;;;;;;;;;;;;;;;;;;;;;;;
;;;;;;;;CPF / CNPJ: 023.419.879-66;;;;;;;;;;;;;;;;;;;;;;;;;;;;;;;;;;;;;;
;;;;;;;;;;;;;;;;;;;;;;;;;;;;;;;;;;;;;;;;;;;;;;
;;;;;;;;;;;;;;;;;;;;;;;;;;;;;;;;;;;;;;;;;;;;;;
297227;;;1410-1;;01/04/2026;15871-DAYENE APARECIDA DEFREITAS DA SILVA;;;;310,000;;0,65000;;;201,50   ;;;;;201,50;;KDO-7787;SFC-S SUCATA DEFERRO (CHAPARIA);KG ;;R$ 0,00;;;0,0;0,00;;FORNECEDOR;;;ELETRÔNICA;;
;;;;;;;;;;;;;;;;;;;;;;;;;;;;;;;;;;;;;;;;;;;;;;
;;;;;;;;;;;;;;;;;;;;;;;;;;;;;;;;;;;;;;;;;;;JOHNNIS.SCHIAVON                       ;;;
;;;;;;;;;;;;;;;;;;;;;;;;;;;;;;;;;;;;;;;;;;;;;;
;;;;;;;;;;;;;;;;;;;;;;;;;;;;;;;;;;;;;;;;;;;;;;
Data Pagamento: 01/04/2026;;;;;;;;;;;;;;;;;;;;;;;;;;;;;;;;;;;;;;;;;;;;;;
;;;;;;;;;;;;;;;;;;;;;;;;;;;;;;;;;;;;;;;;;;;;;;
;;;;;;;;CPF / CNPJ: 064.662.989-14;;;;;;;;;;;;;;;;;;;;;;;;;;;;;;;;;;;;;;
;;;;;;;;;;;;;;;;;;;;;;;;;;;;;;;;;;;;;;;;;;;;;;
;;;;;;;;;;;;;;;;;;;;;;;;;;;;;;;;;;;;;;;;;;;;;;
297223;;;53537-1;;01/04/2026;4656-JOAO FRANCISCO DE LIMA;;;;1.060,000;;0,65000;;;689,00   ;;;;;689,00;;CAH-7H32;SFC-S SUCATA DEFERRO (CHAPARIA);KG ;;R$ 0,00;;;0,0;0,00;;FORNECEDOR;;;ELETRÔNICA;;
;;;;;;;;;;;;;;;;;;;;;;;;;;;;;;;;;;;;;;;;;;;;;;
;;;;;;;;;;;;;;;;;;;;;;;;;;;;;;;;;;;;;;;;;;;TIAGO LUIS DESOUZA                    ;;;
;;;;;;;;;;;;;;;;;;;;;;;;;;;;;;;;;;;;;;;;;;;;;;
;;;;;;;;;;;;;;;;;;;;;;;;;;;;;;;;;;;;;;;;;;;;;;
Data Pagamento: 01/04/2026;;;;;;;;;;;;;;;;;;;;;;;;;;;;;;;;;;;;;;;;;;;;;;
;;;;;;;;CPF / CNPJ: 200.247.158-40;;;;;;;;;;;;;;;;;;;;;;;;;;;;;;;;;;;;;;
;;;;;;;;;;;;;;;;;;;;;;;;;;;;;;;;;;;;;;;;;;;;;;
297228;;;335-1;;01/04/2026;16808-COOPERATIVA DOSCATADORES DE MAT. REC. - NOVOHORIZONTE;;;;1.200,000;;0,60000;;;720,00   ;;;;;720,00;;QAP-0497;SFC-S SUCATA DEFERRO (CHAPARIA);KG ;;R$ 0,00;;;0,0;0,00;;FORNECEDOR;;;ELETRÔNICA;;
;;;;;;;;;;;;;;;;;;;;;;;;;;;;;;;;;;;;;;;;;;;;;;
;;;;;;;;;;;;;;;;;;;;;;;;;;;;;;;;;;;;;;;;;;;LUIZGUILHERME                         ;;;
;;;;;;;;;;;;;;;;;;;;;;;;;;;;;;;;;;;;;;;;;;;;;;
;;;;;;;;;;;;;;;;;;;;;;;;;;;;;;;;;;;;;;;;;;;;;;
;;;;;;;;;;;;;;;;;;;;;;;;;;;;;;;;;;;;;;;;;;;;;;
;;;;;;;;;;;;;;;;;;;;;;;;;;;;;;;;;;;;;;;;;;;;;;
;;;;;;;;CPF / CNPJ: 23.110.585/0001-06;;;;;;;;;;;;;;;;;;;;;;;;;;;;;;;;;;;;;;
;;;;;;;;;;;;;;;;;;;;;;;;;;;;;;;;;;;;;;;;;;;;;;

www.sygecom.com.br - relatorios\sagi_rel_sem_agrupa_bol_placa_prod_bol_prod_20.fr3;;;;;;;;;;;;;;;;;;;;;;;;;;;;
Boleto;;;Nota Fiscal;;Data;Fornecedor;;;;;Quantidade;;;Preço;;;;R$ Total;Total c/ ICMSl;;;;;Placa;Produto;UN;;Valor IPI R$;;;;;Desconto;;Desconto R$;;;;Frete;;;Pesagem;;;Classificador;;;
;;;;;;;;;;;;;;;;;;;;;;;;;;;;;;;;;;;;;;;;;
297229;;;19858-2;;01/04/2026;;11912-ADILSON RENE DA COSTA ANDRADE;;;;220,000;;0,80000;;;176,00   ;;;;;176,00;;;AQL-5862;SFMIU-S SUCATA DEFERRO (MIUDA);;KG ;;;R$ 0,00;;;0,0;0,00;;;;FORNECEDOR;;;ELETRÔNICA;;;;;;
;;;;;;;;;;;;;;;;;;;;;;;;;;;;;;;;;;;;;;;;;;;;;;
;;;;;;;;;;;;;;;;;;;;;;;;;;;;;;;;;;;;;;;;;;;LUIZGUILHERME                         ;;;
;;;;;;;;;;;;;;;;;;;;;;;;;;;;;;;;;;;;;;;;;;;;;;
;;;;;;;;;;;;;;;;;;;;;;;;;;;;;;;;;;;;;;;;;;;;;;
Data Pagamento: 01/04/2026;;;;;;;;;;;;;;;;;;;;;;;;;;;;;;;;;;;;;;;;;;;;;;
;;;;;;;;;;;;;;;;;;;;;;;;;;;;;;;;;;;;;;;;;;;;;;
;;;;;;;;CPF / CNPJ: 935.275.511-15;;;;;;;;;;;;;;;;;;;;;;;;;;;;;;;;;;;;;;
;;;;;;;;;;;;;;;;;;;;;;;;;;;;;;;;;;;;;;;;;;;;;;
;;;;;;;;;;;;;;;;;;;;;;;;;;;;;;;;;;;;;;;;;;;;;;
297226;;;;;01/04/2026;16207-VANDERLEI ARANTES;;;;1.600,000;;0,65000;;;1.040,00   ;;;;;1.040,00;;AIK-9031;SFC-S SUCATA DEFERRO (CHAPARIA);KG ;;R$ 0,00;;;0,0;0,00;;FORNECEDOR;;;ELETRÔNICA;;
;;;;;;;;;;;;;;;;;;;;;;;;;;;;;;;;;;;;;;;;;;;;;;
;;;;;;;;;;;;;;;;;;;;;;;;;;;;;;;;;;;;;;;;;;;VALTER VIERIA                          ;;;
;;;;;;;;;;;;;;;;;;;;;;;;;;;;;;;;;;;;;;;;;;;;;;
;;;;;;;;;;;;;;;;;;;;;;;;;;;;;;;;;;;;;;;;;;;;;;
;;;;;;;;;;;;;;;;;;;;;;;;;;;;;;;;;;;;;;;;;;;;;;
;;;;;;;;CPF / CNPJ: 433.762.669-72;;;;;;;;;;;;;;;;;;;;;;;;;;;;;;;;;;;;;;
;;;;;;;;;;;;;;;;;;;;;;;;;;;;;;;;;;;;;;;;;;;;;;
297232;;;53538-1;;01/04/2026;4650-LUHAN CRISTIANO DEGODOY;;;;380,000;;0,65000;;;247,00   ;;;;;247,00;;AGP-4J70;SFC-S SUCATA DEFERRO (CHAPARIA);KG ;;R$ 0,00;;;0,0;0,00;;FORNECEDOR;;;ELETRÔNICA;;
;;;;;;;;;;;;;;;;;;;;;;;;;;;;;;;;;;;;;;;;;;;;;;
;;;;;;;;;;;;;;;;;;;;;;;;;;;;;;;;;;;;;;;;;;;TIAGO LUIS DESOUZA                    ;;;
;;;;;;;;;;;;;;;;;;;;;;;;;;;;;;;;;;;;;;;;;;;;;;
;;;;;;;;;;;;;;;;;;;;;;;;;;;;;;;;;;;;;;;;;;;;;;
Data Pagamento: 01/04/2026;;;;;;;;;;;;;;;;;;;;;;;;;;;;;;;;;;;;;;;;;;;;;;
;;;;;;;;;;;;;;;;;;;;;;;;;;;;;;;;;;;;;;;;;;;;;;
;;;;;;;;CPF / CNPJ: 074.887.679-00;;;;;;;;;;;;;;;;;;;;;;;;;;;;;;;;;;;;;;
;;;;;;;;;;;;;;;;;;;;;;;;;;;;;;;;;;;;;;;;;;;;;;
;;;;;;;;;;;;;;;;;;;;;;;;;;;;;;;;;;;;;;;;;;;;;;
297230;;;484-1;;01/04/2026;17194-GALDINO & SANTANA LTDA -ME;;;;8.500,000;;0,80000;;;6.800,00   ;;;;;6.800,00;;AWV-7A10;SCF-S SUCATA DEFERRO (CAVACO);KG ;;R$ 0,00;;;0,0;0,00;;FORNECEDOR;;;ELETRÔNICA;;
;;;;;;;;;;;;;;;;;;;;;;;;;;;;;;;;;;;;;;;;;;;;;;
;;;;;;;;;;;;;;;;;;;;;;;;;;;;;;;;;;;;;;;;;;;TIAGO LUIS DESOUZA                    ;;;
;;;;;;;;;;;;;;;;;;;;;;;;;;;;;;;;;;;;;;;;;;;;;;
;;;;;;;;;;;;;;;;;;;;;;;;;;;;;;;;;;;;;;;;;;;;;;
;;;;;;;;;;;;;;;;;;;;;;;;;;;;;;;;;;;;;;;;;;;;;;
;;;;;;;;;;;;;;;;;;;;;;;;;;;;;;;;;;;;;;;;;;;;;;
;;;;;;;;CPF / CNPJ: 14.192.442/0001-91;;;;;;;;;;;;;;;;;;;;;;;;;;;;;;;;;;;;;;
;;;;;;;;;;;;;;;;;;;;;;;;;;;;;;;;;;;;;;;;;;;;;;
297236;;;31813-1;;01/04/2026;3387-RODRIGO DA MOTA;;;;540,000;;0,60000;;;324,00   ;;;;;324,00;;GUZ-3G60;SFC-S SUCATA DEFERRO (CHAPARIA);KG ;;R$ 0,00;;;0,0;0,00;;FORNECEDOR;;;ELETRÔNICA;;
;;;;;;;;;;;;;;;;;;;;;;;;;;;;;;;;;;;;;;;;;;;;;;
;;;;;;;;;;;;;;;;;;;;;;;;;;;;;;;;;;;;;;;;;;;RODOLFO.SALU                           ;;;
;;;;;;;;;;;;;;;;;;;;;;;;;;;;;;;;;;;;;;;;;;;;;;
;;;;;;;;;;;;;;;;;;;;;;;;;;;;;;;;;;;;;;;;;;;;;;
Data Pagamento: 01/04/2026;;;;;;;;;;;;;;;;;;;;;;;;;;;;;;;;;;;;;;;;;;;;;;
;;;;;;;;CPF / CNPJ: 011.543.951-03;;;;;;;;;;;;;;;;;;;;;;;;;;;;;;;;;;;;;;
;;;;;;;;;;;;;;;;;;;;;;;;;;;;;;;;;;;;;;;;;;;;;;
297222;;;53539-1;;01/04/2026;18359-GENILSON PEREIRA DASILVA;;;;800,000;;0,80000;;;640,00   ;;;;;640,00;;CAZ-4652;SFMIU-S SUCATA DEFERRO (MIUDA);KG ;;R$ 0,00;;;0,0;0,00;;FORNECEDOR;;;ELETRÔNICA;;
;;;;;;;;;;;;;;;;;;;;;;;;;;;;;;;;;;;;;;;;;;;;;;
;;;;;;;;;;;;;;;;;;;;;;;;;;;;;;;;;;;;;;;;;;;TIAGO LUIS DESOUZA                    ;;;
;;;;;;;;;;;;;;;;;;;;;;;;;;;;;;;;;;;;;;;;;;;;;;
;;;;;;;;;;;;;;;;;;;;;;;;;;;;;;;;;;;;;;;;;;;;;;
Data Pagamento: 01/04/2026;;;;;;;;;;;;;;;;;;;;;;;;;;;;;;;;;;;;;;;;;;;;;;
;;;;;;;;;;;;;;;;;;;;;;;;;;;;;;;;;;;;;;;;;;;;;;
;;;;;;;;CPF / CNPJ: 023.419.879-66;;;;;;;;;;;;;;;;;;;;;;;;;;;;;;;;;;;;;;
;;;;;;;;;;;;;;;;;;;;;;;;;;;;;;;;;;;;;;;;;;;;;;
;;;;;;;;;;;;;;;;;;;;;;;;;;;;;;;;;;;;;;;;;;;;;;
297225;;;31812-1;;01/04/2026;11326-HENRIQUE RIBEIRO DASILVA;;;;720,000;;0,60000;;;432,00   ;;;;;432,00;;JZZ-6676;SFC-S SUCATA DEFERRO (CHAPARIA);KG ;;R$ 0,00;;;0,0;0,00;;FORNECEDOR;;;ELETRÔNICA;;
;;;;;;;;;;;;;;;;;;;;;;;;;;;;;;;;;;;;;;;;;;;;;;
;;;;;;;;;;;;;;;;;;;;;;;;;;;;;;;;;;;;;;;;;;;RODOLFO.SALU                           ;;;
;;;;;;;;;;;;;;;;;;;;;;;;;;;;;;;;;;;;;;;;;;;;;;
;;;;;;;;;;;;;;;;;;;;;;;;;;;;;;;;;;;;;;;;;;;;;;
Data Pagamento: 01/04/2026;;;;;;;;;;;;;;;;;;;;;;;;;;;;;;;;;;;;;;;;;;;;;;
;;;;;;;;;;;;;;;;;;;;;;;;;;;;;;;;;;;;;;;;;;;;;;
;;;;;;;;CPF / CNPJ: 041.951.451-12;;;;;;;;;;;;;;;;;;;;;;;;;;;;;;;;;;;;;;
;;;;;;;;;;;;;;;;;;;;;;;;;;;;;;;;;;;;;;;;;;;;;;
;;;;;;;;;;;;;;;;;;;;;;;;;;;;;;;;;;;;;;;;;;;;;;
297225;;;31812-1;;01/04/2026;11326-HENRIQUE RIBEIRO DASILVA;;;;160,000;;0,80000;;;128,00   ;;;;;128,00;;JZZ-6676;SFMIU-S SUCATA DEFERRO (MIUDA);KG ;;R$ 0,00;;;0,0;0,00;;FORNECEDOR;;;ELETRÔNICA;;
;;;;;;;;;;;;;;;;;;;;;;;;;;;;;;;;;;;;;;;;;;;;;;
;;;;;;;;;;;;;;;;;;;;;;;;;;;;;;;;;;;;;;;;;;;RODOLFO.SALU                           ;;;
;;;;;;;;;;;;;;;;;;;;;;;;;;;;;;;;;;;;;;;;;;;;;;
;;;;;;;;;;;;;;;;;;;;;;;;;;;;;;;;;;;;;;;;;;;;;;
Data Pagamento: 01/04/2026;;;;;;;;;;;;;;;;;;;;;;;;;;;;;;;;;;;;;;;;;;;;;;
;;;;;;;;;;;;;;;;;;;;;;;;;;;;;;;;;;;;;;;;;;;;;;
;;;;;;;;CPF / CNPJ: 041.951.451-12;;;;;;;;;;;;;;;;;;;;;;;;;;;;;;;;;;;;;;
;;;;;;;;;;;;;;;;;;;;;;;;;;;;;;;;;;;;;;;;;;;;;;
;;;;;;;;;;;;;;;;;;;;;;;;;;;;;;;;;;;;;;;;;;;;;;
297234;;;53540-1;;01/04/2026;6151-REGINALDO DE OLIVEIRA;;;;360,000;;0,65000;;;234,00   ;;;;;234,00;;KBS-8D82;SFC-S SUCATA DEFERRO (CHAPARIA);KG ;;R$ 0,00;;;0,0;0,00;;FORNECEDOR;;;ELETRÔNICA;;
;;;;;;;;;;;;;;;;;;;;;;;;;;;;;;;;;;;;;;;;;;;;;;
;;;;;;;;;;;;;;;;;;;;;;;;;;;;;;;;;;;;;;;;;;;TIAGO LUIS DESOUZA                    ;;;
;;;;;;;;;;;;;;;;;;;;;;;;;;;;;;;;;;;;;;;;;;;;;;
;;;;;;;;;;;;;;;;;;;;;;;;;;;;;;;;;;;;;;;;;;;;;;
Data Pagamento: 01/04/2026;;;;;;;;;;;;;;;;;;;;;;;;;;;;;;;;;;;;;;;;;;;;;;
;;;;;;;;CPF / CNPJ: 021.967.509-05;;;;;;;;;;;;;;;;;;;;;;;;;;;;;;;;;;;;;;
;;;;;;;;;;;;;;;;;;;;;;;;;;;;;;;;;;;;;;;;;;;;;;
297233;;;;;01/04/2026;13312-METALURGICA GRE LTDA;;;;1.660,000;;0,50000;;;830,00   ;;;;;830,00;;GPZ-5F48;SCF-S SUCATA DEFERRO (CAVACO);KG ;;R$ 0,00;;;0,0;0,00;;EMPRESA   ;;;ELETRÔNICA;;
;;;;;;;;;;;;;;;;;;;;;;;;;;;;;;;;;;;;;;;;;;;;;;
;;;;;;;;;;;;;;;;;;;;;;;;;;;;;;;;;;;;;;;;;;;VALTER VIERIA                          ;;;
;;;;;;;;;;;;;;;;;;;;;;;;;;;;;;;;;;;;;;;;;;;;;;
;;;;;;;;;;;;;;;;;;;;;;;;;;;;;;;;;;;;;;;;;;;;;;
;;;;;;;;;;;;;;;;;;;;;;;;;;;;;;;;;;;;;;;;;;;;;;
;;;;;;;;CPF / CNPJ: 38.905.794/0001-05;;;;;;;;;;;;;;;;;;;;;;;;;;;;;;;;;;;;;;
;;;;;;;;;;;;;;;;;;;;;;;;;;;;;;;;;;;;;;;;;;;;;;
297220;;;65430-1;;01/04/2026;32-APARECIDO ALVES DA SILVA;;;;3.780,000;;0,65000;;;2.457,00   ;;;;;2.457,00;;FXD-1J48;SFC-S SUCATA DEFERRO (CHAPARIA);KG ;;R$ 0,00;;;0,0;0,00;;FORNECEDOR;;;ELETRÔNICA;;
;;;;;;;;;;;;;;;;;;;;;;;;;;;;;;;;;;;;;;;;;;;;;;
;;;;;;;;;;;;;;;;;;;;;;;;;;;;;;;;;;;;;;;;;;;MAURICIO                               ;;;
;;;;;;;;;;;;;;;;;;;;;;;;;;;;;;;;;;;;;;;;;;;;;;
;;;;;;;;;;;;;;;;;;;;;;;;;;;;;;;;;;;;;;;;;;;;;;
Data Pagamento: 01/04/2026;;;;;;;;;;;;;;;;;;;;;;;;;;;;;;;;;;;;;;;;;;;;;;
;;;;;;;;CPF / CNPJ: 272.481.861-04;;;;;;;;;;;;;;;;;;;;;;;;;;;;;;;;;;;;;;
;;;;;;;;;;;;;;;;;;;;;;;;;;;;;;;;;;;;;;;;;;;;;;
297220;;;65430-1;;01/04/2026;32-APARECIDO ALVES DA SILVA;;;;690,000;;0,80000;;;552,00   ;;;;;552,00;;FXD-1J48;SFMIU-S SUCATA DEFERRO (MIUDA);KG ;;R$ 0,00;;;0,0;0,00;;FORNECEDOR;;;ELETRÔNICA;;
;;;;;;;;;;;;;;;;;;;;;;;;;;;;;;;;;;;;;;;;;;;;;;
;;;;;;;;;;;;;;;;;;;;;;;;;;;;;;;;;;;;;;;;;;;MAURICIO                               ;;;
;;;;;;;;;;;;;;;;;;;;;;;;;;;;;;;;;;;;;;;;;;;;;;
;;;;;;;;;;;;;;;;;;;;;;;;;;;;;;;;;;;;;;;;;;;;;;
Data Pagamento: 01/04/2026;;;;;;;;;;;;;;;;;;;;;;;;;;;;;;;;;;;;;;;;;;;;;;
;;;;;;;;CPF / CNPJ: 272.481.861-04;;;;;;;;;;;;;;;;;;;;;;;;;;;;;;;;;;;;;;
;;;;;;;;;;;;;;;;;;;;;;;;;;;;;;;;;;;;;;;;;;;;;;
297237;;;;;01/04/2026;5630-ROSSE E ROSSE LTDA;;;;1.400,000;;0,55000;;;770,00   ;;;;;770,00;;MTU-3360;SCF-S SUCATA DEFERRO (CAVACO);KG ;;R$ 0,00;;;0,0;0,00;;FORNECEDOR;;;ELETRÔNICA;;
;;;;;;;;;;;;;;;;;;;;;;;;;;;;;;;;;;;;;;;;;;;;;;
;;;;;;;;;;;;;;;;;;;;;;;;;;;;;;;;;;;;;;;;;;;JOHNNIS.SCHIAVON                       ;;;
;;;;;;;;;;;;;;;;;;;;;;;;;;;;;;;;;;;;;;;;;;;;;;
;;;;;;;;;;;;;;;;;;;;;;;;;;;;;;;;;;;;;;;;;;;;;;
;;;;;;;;;;;;;;;;;;;;;;;;;;;;;;;;;;;;;;;;;;;;;;
;;;;;;;;CPF / CNPJ: 80.040.892/0001-93;;;;;;;;;;;;;;;;;;;;;;;;;;;;;;;;;;;;;;
;;;;;;;;;;;;;;;;;;;;;;;;;;;;;;;;;;;;;;;;;;;;;;

www.sygecom.com.br - relatorios\sagi_rel_sem_agrupa_bol_placa_prod_bol_prod_20.fr3;;;;;;;;;;;;;;;;;;;;;;;;;;;;
Boleto;;;Nota Fiscal;;Data;Fornecedor;;;;;Quantidade;;;Preço;;;;R$ Total;Total c/ ICMSl;;;;;Placa;Produto;UN;;Valor IPI R$;;;;;Desconto;;Desconto R$;;;;Frete;;;Pesagem;;;Classificador;;;
;;;;;;;;;;;;;;;;;;;;;;;;;;;;;;;;;;;;;;;;;
297231;;;38791-1;;01/04/2026;;5376-VALDENOR DE ALMEIDAGUIMARAES;;;;360,000;;0,65000;;;234,00   ;;;;;234,00;;;CHP-5910;SFC-S SUCATA DEFERRO (CHAPARIA);;KG ;;;R$ 0,00;;;0,0;0,00;;;;FORNECEDOR;;;ELETRÔNICA;;;;;;
;;;;;;;;;;;;;;;;;;;;;;;;;;;;;;;;;;;;;;;;;;;;;;
;;;;;;;;;;;;;;;;;;;;;;;;;;;;;;;;;;;;;;;;;;;VALTER VIERIA                          ;;;
;;;;;;;;;;;;;;;;;;;;;;;;;;;;;;;;;;;;;;;;;;;;;;
;;;;;;;;;;;;;;;;;;;;;;;;;;;;;;;;;;;;;;;;;;;;;;
Data Pagamento: 01/04/2026;;;;;;;;;;;;;;;;;;;;;;;;;;;;;;;;;;;;;;;;;;;;;;
;;;;;;;;;;;;;;;;;;;;;;;;;;;;;;;;;;;;;;;;;;;;;;
;;;;;;;;CPF / CNPJ: 655.026.479-00;;;;;;;;;;;;;;;;;;;;;;;;;;;;;;;;;;;;;;
;;;;;;;;;;;;;;;;;;;;;;;;;;;;;;;;;;;;;;;;;;;;;;
;;;;;;;;;;;;;;;;;;;;;;;;;;;;;;;;;;;;;;;;;;;;;;
297235;;;38793-1;;01/04/2026;16596-SIDNEI VEDOVELLI;;;;1.230,000;;0,80000;;;984,00   ;;;;;984,00;;HUN-1D10;SFMIU-S SUCATA DEFERRO (MIUDA);KG ;;R$ 0,00;;;0,0;0,00;;FORNECEDOR;;;ELETRÔNICA;;
;;;;;;;;;;;;;;;;;;;;;;;;;;;;;;;;;;;;;;;;;;;;;;
;;;;;;;;;;;;;;;;;;;;;;;;;;;;;;;;;;;;;;;;;;;VALTER VIERIA                          ;;;
;;;;;;;;;;;;;;;;;;;;;;;;;;;;;;;;;;;;;;;;;;;;;;
;;;;;;;;;;;;;;;;;;;;;;;;;;;;;;;;;;;;;;;;;;;;;;
Data Pagamento: 01/04/2026;;;;;;;;;;;;;;;;;;;;;;;;;;;;;;;;;;;;;;;;;;;;;;
;;;;;;;;CPF / CNPJ: 450.982.049-68;;;;;;;;;;;;;;;;;;;;;;;;;;;;;;;;;;;;;;
;;;;;;;;;;;;;;;;;;;;;;;;;;;;;;;;;;;;;;;;;;;;;;
297239;;;19859-2;;01/04/2026;11726-JOSE DOS SANTOS GOMESPRATA;;;;8.230,000;;0,80000;;;6.584,00   ;;;;;6.584,00;;GDG-8E75;SFMIU-S SUCATA DEFERRO (MIUDA);KG ;;R$ 0,00;;;0,0;0,00;;EMPRESA   ;;;ELETRÔNICA;;
;;;;;;;;;;;;;;;;;;;;;;;;;;;;;;;;;;;;;;;;;;;;;;
;;;;;;;;;;;;;;;;;;;;;;;;;;;;;;;;;;;;;;;;;;;LUIZGUILHERME                         ;;;
;;;;;;;;;;;;;;;;;;;;;;;;;;;;;;;;;;;;;;;;;;;;;;
;;;;;;;;;;;;;;;;;;;;;;;;;;;;;;;;;;;;;;;;;;;;;;
;;;;;;;;;;;;;;;;;;;;;;;;;;;;;;;;;;;;;;;;;;;;;;
;;;;;;;;;;;;;;;;;;;;;;;;;;;;;;;;;;;;;;;;;;;;;;
;;;;;;;;CPF / CNPJ: 173.701.161-15;;;;;;;;;;;;;;;;;;;;;;;;;;;;;;;;;;;;;;
;;;;;;;;;;;;;;;;;;;;;;;;;;;;;;;;;;;;;;;;;;;;;;
297238;;;31814-1;;01/04/2026;3196-SIMAO VAGULA;;;;740,000;;0,60000;;;444,00   ;;;;;444,00;;HQM-8346;SFC-S SUCATA DEFERRO (CHAPARIA);KG ;;R$ 0,00;;;0,0;0,00;;FORNECEDOR;;;ELETRÔNICA;;
;;;;;;;;;;;;;;;;;;;;;;;;;;;;;;;;;;;;;;;;;;;;;;
;;;;;;;;;;;;;;;;;;;;;;;;;;;;;;;;;;;;;;;;;;;RODOLFO.SALU                           ;;;
;;;;;;;;;;;;;;;;;;;;;;;;;;;;;;;;;;;;;;;;;;;;;;
;;;;;;;;;;;;;;;;;;;;;;;;;;;;;;;;;;;;;;;;;;;;;;
Data Pagamento: 01/04/2026;;;;;;;;;;;;;;;;;;;;;;;;;;;;;;;;;;;;;;;;;;;;;;
;;;;;;;;CPF / CNPJ: 069.828.591-34;;;;;;;;;;;;;;;;;;;;;;;;;;;;;;;;;;;;;;
;;;;;;;;;;;;;;;;;;;;;;;;;;;;;;;;;;;;;;;;;;;;;;
297238;;;31814-1;;01/04/2026;3196-SIMAO VAGULA;;;;1.080,000;;0,60000;;;648,00   ;;;;;648,00;;HQM-8346;SFC-S SUCATA DEFERRO (CHAPARIA);KG ;;R$ 0,00;;;0,0;0,00;;FORNECEDOR;;;ELETRÔNICA;;
;;;;;;;;;;;;;;;;;;;;;;;;;;;;;;;;;;;;;;;;;;;;;;
;;;;;;;;;;;;;;;;;;;;;;;;;;;;;;;;;;;;;;;;;;;RODOLFO.SALU                           ;;;
;;;;;;;;;;;;;;;;;;;;;;;;;;;;;;;;;;;;;;;;;;;;;;
;;;;;;;;;;;;;;;;;;;;;;;;;;;;;;;;;;;;;;;;;;;;;;
Data Pagamento: 01/04/2026;;;;;;;;;;;;;;;;;;;;;;;;;;;;;;;;;;;;;;;;;;;;;;
;;;;;;;;CPF / CNPJ: 069.828.591-34;;;;;;;;;;;;;;;;;;;;;;;;;;;;;;;;;;;;;;
;;;;;;;;;;;;;;;;;;;;;;;;;;;;;;;;;;;;;;;;;;;;;;
297243;;;19860-2;;01/04/2026;18035-CARLOS ALBERTOGUILHERME SOARES;;;;140,000;;0,60000;;;84,00   ;;;;;84,00;;NRY-2H59;SFC-S SUCATA DEFERRO (CHAPARIA);KG ;;R$ 0,00;;;0,0;0,00;;FORNECEDOR;;;ELETRÔNICA;;
;;;;;;;;;;;;;;;;;;;;;;;;;;;;;;;;;;;;;;;;;;;;;;
;;;;;;;;;;;;;;;;;;;;;;;;;;;;;;;;;;;;;;;;;;;LUIZGUILHERME                         ;;;
;;;;;;;;;;;;;;;;;;;;;;;;;;;;;;;;;;;;;;;;;;;;;;
;;;;;;;;;;;;;;;;;;;;;;;;;;;;;;;;;;;;;;;;;;;;;;
Data Pagamento: 01/04/2026;;;;;;;;;;;;;;;;;;;;;;;;;;;;;;;;;;;;;;;;;;;;;;
;;;;;;;;;;;;;;;;;;;;;;;;;;;;;;;;;;;;;;;;;;;;;;
;;;;;;;;CPF / CNPJ: 528.749.401-78;;;;;;;;;;;;;;;;;;;;;;;;;;;;;;;;;;;;;;
;;;;;;;;;;;;;;;;;;;;;;;;;;;;;;;;;;;;;;;;;;;;;;
;;;;;;;;;;;;;;;;;;;;;;;;;;;;;;;;;;;;;;;;;;;;;;
297241;;;19861-2;;01/04/2026;12746-HERCULES RODRIGUESHOVATY;;;;220,000;;0,80000;;;176,00   ;;;;;176,00;;HRJ-6643;SFMIU-S SUCATA DEFERRO (MIUDA);KG ;;R$ 0,00;;;0,0;0,00;;FORNECEDOR;;;ELETRÔNICA;;
;;;;;;;;;;;;;;;;;;;;;;;;;;;;;;;;;;;;;;;;;;;;;;
;;;;;;;;;;;;;;;;;;;;;;;;;;;;;;;;;;;;;;;;;;;LUIZGUILHERME                         ;;;
;;;;;;;;;;;;;;;;;;;;;;;;;;;;;;;;;;;;;;;;;;;;;;
;;;;;;;;;;;;;;;;;;;;;;;;;;;;;;;;;;;;;;;;;;;;;;
Data Pagamento: 01/04/2026;;;;;;;;;;;;;;;;;;;;;;;;;;;;;;;;;;;;;;;;;;;;;;
;;;;;;;;;;;;;;;;;;;;;;;;;;;;;;;;;;;;;;;;;;;;;;
;;;;;;;;CPF / CNPJ: 389.734.578-10;;;;;;;;;;;;;;;;;;;;;;;;;;;;;;;;;;;;;;
;;;;;;;;;;;;;;;;;;;;;;;;;;;;;;;;;;;;;;;;;;;;;;
;;;;;;;;;;;;;;;;;;;;;;;;;;;;;;;;;;;;;;;;;;;;;;
297241;;;19861-2;;01/04/2026;12746-HERCULES RODRIGUESHOVATY;;;;130,000;;0,60000;;;78,00   ;;;;;78,00;;HRJ-6643;SFC-S SUCATA DEFERRO (CHAPARIA);KG ;;R$ 0,00;;;0,0;0,00;;FORNECEDOR;;;ELETRÔNICA;;
;;;;;;;;;;;;;;;;;;;;;;;;;;;;;;;;;;;;;;;;;;;;;;
;;;;;;;;;;;;;;;;;;;;;;;;;;;;;;;;;;;;;;;;;;;LUIZGUILHERME                         ;;;
;;;;;;;;;;;;;;;;;;;;;;;;;;;;;;;;;;;;;;;;;;;;;;
;;;;;;;;;;;;;;;;;;;;;;;;;;;;;;;;;;;;;;;;;;;;;;
Data Pagamento: 01/04/2026;;;;;;;;;;;;;;;;;;;;;;;;;;;;;;;;;;;;;;;;;;;;;;
;;;;;;;;;;;;;;;;;;;;;;;;;;;;;;;;;;;;;;;;;;;;;;
;;;;;;;;CPF / CNPJ: 389.734.578-10;;;;;;;;;;;;;;;;;;;;;;;;;;;;;;;;;;;;;;
;;;;;;;;;;;;;;;;;;;;;;;;;;;;;;;;;;;;;;;;;;;;;;
;;;;;;;;;;;;;;;;;;;;;;;;;;;;;;;;;;;;;;;;;;;;;;
297246;;;38805-1;;01/04/2026;5407-MARIO RODRIGUES DENOVAIS;;;;2.660,000;;0,65000;;;1.729,00   ;;;;;1.729,00;;ACM-5450;SFC-S SUCATA DEFERRO (CHAPARIA);KG ;;R$ 0,00;;;0,0;0,00;;FORNECEDOR;;;ELETRÔNICA;;
;;;;;;;;;;;;;;;;;;;;;;;;;;;;;;;;;;;;;;;;;;;;;;
;;;;;;;;;;;;;;;;;;;;;;;;;;;;;;;;;;;;;;;;;;;VALTER VIERIA                          ;;;
;;;;;;;;;;;;;;;;;;;;;;;;;;;;;;;;;;;;;;;;;;;;;;
;;;;;;;;;;;;;;;;;;;;;;;;;;;;;;;;;;;;;;;;;;;;;;
;;;;;;;;;;;;;;;;;;;;;;;;;;;;;;;;;;;;;;;;;;;;;;
;;;;;;;;;;;;;;;;;;;;;;;;;;;;;;;;;;;;;;;;;;;;;;
;;;;;;;;CPF / CNPJ: 427.507.099-20;;;;;;;;;;;;;;;;;;;;;;;;;;;;;;;;;;;;;;
;;;;;;;;;;;;;;;;;;;;;;;;;;;;;;;;;;;;;;;;;;;;;;
297247;;;38795-1;;01/04/2026;16542-ANDRAN WILLIAN ANDRADEBARRETO LESSENKO;;;;80,000;;0,65000;;;52,00   ;;;;;52,00;;AKN-9C18;SFC-S SUCATA DEFERRO (CHAPARIA);KG ;;R$ 0,00;;;0,0;0,00;;FORNECEDOR;;;ELETRÔNICA;;
;;;;;;;;;;;;;;;;;;;;;;;;;;;;;;;;;;;;;;;;;;;;;;
;;;;;;;;;;;;;;;;;;;;;;;;;;;;;;;;;;;;;;;;;;;VALTER VIERIA                          ;;;
;;;;;;;;;;;;;;;;;;;;;;;;;;;;;;;;;;;;;;;;;;;;;;
;;;;;;;;;;;;;;;;;;;;;;;;;;;;;;;;;;;;;;;;;;;;;;
Data Pagamento: 01/04/2026;;;;;;;;;;;;;;;;;;;;;;;;;;;;;;;;;;;;;;;;;;;;;;
;;;;;;;;;;;;;;;;;;;;;;;;;;;;;;;;;;;;;;;;;;;;;;
;;;;;;;;CPF / CNPJ: 068.211.939-32;;;;;;;;;;;;;;;;;;;;;;;;;;;;;;;;;;;;;;
;;;;;;;;;;;;;;;;;;;;;;;;;;;;;;;;;;;;;;;;;;;;;;
;;;;;;;;;;;;;;;;;;;;;;;;;;;;;;;;;;;;;;;;;;;;;;
297244;;;1412-1;;01/04/2026;5912-VANESSA GASPAR;;;;3.060,000;;0,80000;;;2.448,00   ;;;;;2.448,00;;BWZ-3G07;SFMIU-S SUCATA DEFERRO (MIUDA);KG ;;R$ 0,00;;;0,0;0,00;;FORNECEDOR;;;ELETRÔNICA;;
;;;;;;;;;;;;;;;;;;;;;;;;;;;;;;;;;;;;;;;;;;;;;;
;;;;;;;;;;;;;;;;;;;;;;;;;;;;;;;;;;;;;;;;;;;JOHNNIS.SCHIAVON                       ;;;
;;;;;;;;;;;;;;;;;;;;;;;;;;;;;;;;;;;;;;;;;;;;;;
;;;;;;;;;;;;;;;;;;;;;;;;;;;;;;;;;;;;;;;;;;;;;;
Data Pagamento: 01/04/2026;;;;;;;;;;;;;;;;;;;;;;;;;;;;;;;;;;;;;;;;;;;;;;
;;;;;;;;CPF / CNPJ: 052.911.969-20;;;;;;;;;;;;;;;;;;;;;;;;;;;;;;;;;;;;;;
;;;;;;;;;;;;;;;;;;;;;;;;;;;;;;;;;;;;;;;;;;;;;;
297245;;;53541-1;;01/04/2026;18052-ANDRE EDUARDO MARINHOFERREIRA;;;;980,000;;0,65000;;;637,00   ;;;;;637,00;;KBE-4240;SFC-S SUCATA DEFERRO (CHAPARIA);KG ;;R$ 0,00;;;0,0;0,00;;FORNECEDOR;;;ELETRÔNICA;;
;;;;;;;;;;;;;;;;;;;;;;;;;;;;;;;;;;;;;;;;;;;;;;
;;;;;;;;;;;;;;;;;;;;;;;;;;;;;;;;;;;;;;;;;;;TIAGO LUIS DESOUZA                    ;;;
;;;;;;;;;;;;;;;;;;;;;;;;;;;;;;;;;;;;;;;;;;;;;;
;;;;;;;;;;;;;;;;;;;;;;;;;;;;;;;;;;;;;;;;;;;;;;
Data Pagamento: 01/04/2026;;;;;;;;;;;;;;;;;;;;;;;;;;;;;;;;;;;;;;;;;;;;;;
;;;;;;;;;;;;;;;;;;;;;;;;;;;;;;;;;;;;;;;;;;;;;;
;;;;;;;;CPF / CNPJ: 011.277.159-92;;;;;;;;;;;;;;;;;;;;;;;;;;;;;;;;;;;;;;
;;;;;;;;;;;;;;;;;;;;;;;;;;;;;;;;;;;;;;;;;;;;;;
;;;;;;;;;;;;;;;;;;;;;;;;;;;;;;;;;;;;;;;;;;;;;;
297249;;;;;01/04/2026;11678-DANIEL DA COSTAMACHADO ME;;;;2.780,000;;0,60000;;;1.668,00   ;;;;;1.668,00;;GBK-3926;SFC-S SUCATA DEFERRO (CHAPARIA);KG ;;R$ 0,00;;;0,0;0,00;;FORNECEDOR;;;ELETRÔNICA;;
;;;;;;;;;;;;;;;;;;;;;;;;;;;;;;;;;;;;;;;;;;;;;;
;;;;;;;;;;;;;;;;;;;;;;;;;;;;;;;;;;;;;;;;;;;LUIZGUILHERME                         ;;;
;;;;;;;;;;;;;;;;;;;;;;;;;;;;;;;;;;;;;;;;;;;;;;
;;;;;;;;;;;;;;;;;;;;;;;;;;;;;;;;;;;;;;;;;;;;;;
;;;;;;;;;;;;;;;;;;;;;;;;;;;;;;;;;;;;;;;;;;;;;;
;;;;;;;;;;;;;;;;;;;;;;;;;;;;;;;;;;;;;;;;;;;;;;
;;;;;;;;CPF / CNPJ: 20.328.003/0001-66;;;;;;;;;;;;;;;;;;;;;;;;;;;;;;;;;;;;;;
;;;;;;;;;;;;;;;;;;;;;;;;;;;;;;;;;;;;;;;;;;;;;;

www.sygecom.com.br - relatorios\sagi_rel_sem_agrupa_bol_placa_prod_bol_prod_20.fr3;;;;;;;;;;;;;;;;;;;;;;;;;;;;
Boleto;;;Nota Fiscal;;Data;Fornecedor;;;;;Quantidade;;;Preço;;;;R$ Total;Total c/ ICMSl;;;;;Placa;Produto;UN;;Valor IPI R$;;;;;Desconto;;Desconto R$;;;;Frete;;;Pesagem;;;Classificador;;;
;;;;;;;;;;;;;;;;;;;;;;;;;;;;;;;;;;;;;;;;;
297254;;;;;01/04/2026;;8207-AGRO ENERGIA SANTA LUZIAS.A.;;;;25.200,000;;0,70000;;;17.640,00   ;;;;;17.640,00;;;GDG-8E75;SFOXC-S SUCATA DEFERRO (OXICORTE);;KG ;;;R$ 0,00;;;0,0;0,00;;;;EMPRESA   ;;;ELETRÔNICA;;;;;;
;;;;;;;;;;;;;;;;;;;;;;;;;;;;;;;;;;;;;;;;;;;;;;
;;;;;;;;;;;;;;;;;;;;;;;;;;;;;;;;;;;;;;;;;;;LUIZGUILHERME                         ;;;
;;;;;;;;;;;;;;;;;;;;;;;;;;;;;;;;;;;;;;;;;;;;;;
;;;;;;;;;;;;;;;;;;;;;;;;;;;;;;;;;;;;;;;;;;;;;;
;;;;;;;;;;;;;;;;;;;;;;;;;;;;;;;;;;;;;;;;;;;;;;
;;;;;;;;;;;;;;;;;;;;;;;;;;;;;;;;;;;;;;;;;;;;;;
;;;;;;;;CPF / CNPJ: 08.906.558/0001-42;;;;;;;;;;;;;;;;;;;;;;;;;;;;;;;;;;;;;;
;;;;;;;;;;;;;;;;;;;;;;;;;;;;;;;;;;;;;;;;;;;;;;
297253;;;53543-1;;01/04/2026;4772-JUAREZ FRANCISCO DASILVA;;;;220,000;;0,65000;;;143,00   ;;;;;143,00;;DCE-2203;SFC-S SUCATA DEFERRO (CHAPARIA);KG ;;R$ 0,00;;;0,0;0,00;;FORNECEDOR;;;ELETRÔNICA;;
;;;;;;;;;;;;;;;;;;;;;;;;;;;;;;;;;;;;;;;;;;;;;;
;;;;;;;;;;;;;;;;;;;;;;;;;;;;;;;;;;;;;;;;;;;TIAGO LUIS DESOUZA                    ;;;
;;;;;;;;;;;;;;;;;;;;;;;;;;;;;;;;;;;;;;;;;;;;;;
;;;;;;;;;;;;;;;;;;;;;;;;;;;;;;;;;;;;;;;;;;;;;;
Data Pagamento: 01/04/2026;;;;;;;;;;;;;;;;;;;;;;;;;;;;;;;;;;;;;;;;;;;;;;
;;;;;;;;;;;;;;;;;;;;;;;;;;;;;;;;;;;;;;;;;;;;;;
;;;;;;;;CPF / CNPJ: 362.397.049-20;;;;;;;;;;;;;;;;;;;;;;;;;;;;;;;;;;;;;;
;;;;;;;;;;;;;;;;;;;;;;;;;;;;;;;;;;;;;;;;;;;;;;
;;;;;;;;;;;;;;;;;;;;;;;;;;;;;;;;;;;;;;;;;;;;;;
297255;;;53547-1;;01/04/2026;11161-JHONY DA SILVA;;;;560,000;;0,65000;;;364,00   ;;;;;364,00;;BMS-4246;SFC-S SUCATA DEFERRO (CHAPARIA);KG ;;R$ 0,00;;;20,0;13,00;;FORNECEDOR;;;ELETRÔNICA;;
;;;;;;;;;;;;;;;;;;;;;;;;;;;;;;;;;;;;;;;;;;;;;;
;;;;;;;;;;;;;;;;;;;;;;;;;;;;;;;;;;;;;;;;;;;TIAGO LUIS DESOUZA                    ;;;
;;;;;;;;;;;;;;;;;;;;;;;;;;;;;;;;;;;;;;;;;;;;;;
;;;;;;;;;;;;;;;;;;;;;;;;;;;;;;;;;;;;;;;;;;;;;;
Data Pagamento: 01/04/2026;;;;;;;;;;;;;;;;;;;;;;;;;;;;;;;;;;;;;;;;;;;;;;
;;;;;;;;CPF / CNPJ: 045.144.489-23;;;;;;;;;;;;;;;;;;;;;;;;;;;;;;;;;;;;;;
;;;;;;;;;;;;;;;;;;;;;;;;;;;;;;;;;;;;;;;;;;;;;;
297248;;;53542-1;;01/04/2026;12660-JEFFERSON PEREIRABERNARDO;;;;180,000;;0,65000;;;117,00   ;;;;;117,00;;AFP-9E52;SFC-S SUCATA DEFERRO (CHAPARIA);KG ;;R$ 0,00;;;0,0;0,00;;FORNECEDOR;;;ELETRÔNICA;;
;;;;;;;;;;;;;;;;;;;;;;;;;;;;;;;;;;;;;;;;;;;;;;
;;;;;;;;;;;;;;;;;;;;;;;;;;;;;;;;;;;;;;;;;;;TIAGO LUIS DESOUZA                    ;;;
;;;;;;;;;;;;;;;;;;;;;;;;;;;;;;;;;;;;;;;;;;;;;;
;;;;;;;;;;;;;;;;;;;;;;;;;;;;;;;;;;;;;;;;;;;;;;
Data Pagamento: 01/04/2026;;;;;;;;;;;;;;;;;;;;;;;;;;;;;;;;;;;;;;;;;;;;;;
;;;;;;;;;;;;;;;;;;;;;;;;;;;;;;;;;;;;;;;;;;;;;;
;;;;;;;;CPF / CNPJ: 067.328.359-39;;;;;;;;;;;;;;;;;;;;;;;;;;;;;;;;;;;;;;
;;;;;;;;;;;;;;;;;;;;;;;;;;;;;;;;;;;;;;;;;;;;;;
;;;;;;;;;;;;;;;;;;;;;;;;;;;;;;;;;;;;;;;;;;;;;;
297248;;;53542-1;;01/04/2026;12660-JEFFERSON PEREIRABERNARDO;;;;760,000;;0,90000;;;684,00   ;;;;;684,00;;AFP-9E52;SFMIU-S SUCATA DEFERRO (MIUDA);KG ;;R$ 0,00;;;0,0;0,00;;FORNECEDOR;;;ELETRÔNICA;;
;;;;;;;;;;;;;;;;;;;;;;;;;;;;;;;;;;;;;;;;;;;;;;
;;;;;;;;;;;;;;;;;;;;;;;;;;;;;;;;;;;;;;;;;;;TIAGO LUIS DESOUZA                    ;;;
;;;;;;;;;;;;;;;;;;;;;;;;;;;;;;;;;;;;;;;;;;;;;;
;;;;;;;;;;;;;;;;;;;;;;;;;;;;;;;;;;;;;;;;;;;;;;
Data Pagamento: 01/04/2026;;;;;;;;;;;;;;;;;;;;;;;;;;;;;;;;;;;;;;;;;;;;;;
;;;;;;;;;;;;;;;;;;;;;;;;;;;;;;;;;;;;;;;;;;;;;;
;;;;;;;;CPF / CNPJ: 067.328.359-39;;;;;;;;;;;;;;;;;;;;;;;;;;;;;;;;;;;;;;
;;;;;;;;;;;;;;;;;;;;;;;;;;;;;;;;;;;;;;;;;;;;;;
;;;;;;;;;;;;;;;;;;;;;;;;;;;;;;;;;;;;;;;;;;;;;;
297248;;;53542-1;;01/04/2026;12660-JEFFERSON PEREIRABERNARDO;;;;340,000;;1,10000;;;374,00   ;;;;;374,00;;AFP-9E52;SFF-S SUCATA DEFERRO (FUNDIDOMISTA);KG ;;R$ 0,00;;;0,0;0,00;;FORNECEDOR;;;ELETRÔNICA;;
;;;;;;;;;;;;;;;;;;;;;;;;;;;;;;;;;;;;;;;;;;;;;;
;;;;;;;;;;;;;;;;;;;;;;;;;;;;;;;;;;;;;;;;;;;TIAGO LUIS DESOUZA                    ;;;
;;;;;;;;;;;;;;;;;;;;;;;;;;;;;;;;;;;;;;;;;;;;;;
;;;;;;;;;;;;;;;;;;;;;;;;;;;;;;;;;;;;;;;;;;;;;;
Data Pagamento: 01/04/2026;;;;;;;;;;;;;;;;;;;;;;;;;;;;;;;;;;;;;;;;;;;;;;
;;;;;;;;;;;;;;;;;;;;;;;;;;;;;;;;;;;;;;;;;;;;;;
;;;;;;;;CPF / CNPJ: 067.328.359-39;;;;;;;;;;;;;;;;;;;;;;;;;;;;;;;;;;;;;;
;;;;;;;;;;;;;;;;;;;;;;;;;;;;;;;;;;;;;;;;;;;;;;
;;;;;;;;;;;;;;;;;;;;;;;;;;;;;;;;;;;;;;;;;;;;;;
297251;;;31815-1;;01/04/2026;13723-EDER VITORINO PEREIRA;;;;20,000;;0,60000;;;12,00   ;;;;;12,00;;CSL-5254;SFC-S SUCATA DEFERRO (CHAPARIA);KG ;;R$ 0,00;;;0,0;0,00;;FORNECEDOR;;;ELETRÔNICA;;
;;;;;;;;;;;;;;;;;;;;;;;;;;;;;;;;;;;;;;;;;;;;;;
;;;;;;;;;;;;;;;;;;;;;;;;;;;;;;;;;;;;;;;;;;;RODOLFO.SALU                           ;;;
;;;;;;;;;;;;;;;;;;;;;;;;;;;;;;;;;;;;;;;;;;;;;;
;;;;;;;;;;;;;;;;;;;;;;;;;;;;;;;;;;;;;;;;;;;;;;
Data Pagamento: 01/04/2026;;;;;;;;;;;;;;;;;;;;;;;;;;;;;;;;;;;;;;;;;;;;;;
;;;;;;;;CPF / CNPJ: 020.347.521-63;;;;;;;;;;;;;;;;;;;;;;;;;;;;;;;;;;;;;;
;;;;;;;;;;;;;;;;;;;;;;;;;;;;;;;;;;;;;;;;;;;;;;
297261;;;31817-1;;01/04/2026;7782-JOAO CARLOS CARDOSO;;;;2.120,000;;0,60000;;;1.272,00   ;;;;;1.272,00;;HQU-8D19;SFC-S SUCATA DEFERRO (CHAPARIA);KG ;;R$ 0,00;;;0,0;0,00;;FORNECEDOR;;;ELETRÔNICA;;
;;;;;;;;;;;;;;;;;;;;;;;;;;;;;;;;;;;;;;;;;;;;;;
;;;;;;;;;;;;;;;;;;;;;;;;;;;;;;;;;;;;;;;;;;;RODOLFO.SALU                           ;;;
;;;;;;;;;;;;;;;;;;;;;;;;;;;;;;;;;;;;;;;;;;;;;;
;;;;;;;;;;;;;;;;;;;;;;;;;;;;;;;;;;;;;;;;;;;;;;
Data Pagamento: 01/04/2026;;;;;;;;;;;;;;;;;;;;;;;;;;;;;;;;;;;;;;;;;;;;;;
;;;;;;;;CPF / CNPJ: 926.634.608-00;;;;;;;;;;;;;;;;;;;;;;;;;;;;;;;;;;;;;;
;;;;;;;;;;;;;;;;;;;;;;;;;;;;;;;;;;;;;;;;;;;;;;
297251;;;31815-1;;01/04/2026;13723-EDER VITORINO PEREIRA;;;;400,000;;0,80000;;;320,00   ;;;;;320,00;;CSL-5254;SFMIU-S SUCATA DEFERRO (MIUDA);KG ;;R$ 0,00;;;0,0;0,00;;FORNECEDOR;;;ELETRÔNICA;;
;;;;;;;;;;;;;;;;;;;;;;;;;;;;;;;;;;;;;;;;;;;;;;
;;;;;;;;;;;;;;;;;;;;;;;;;;;;;;;;;;;;;;;;;;;RODOLFO.SALU                           ;;;
;;;;;;;;;;;;;;;;;;;;;;;;;;;;;;;;;;;;;;;;;;;;;;
;;;;;;;;;;;;;;;;;;;;;;;;;;;;;;;;;;;;;;;;;;;;;;
Data Pagamento: 01/04/2026;;;;;;;;;;;;;;;;;;;;;;;;;;;;;;;;;;;;;;;;;;;;;;
;;;;;;;;CPF / CNPJ: 020.347.521-63;;;;;;;;;;;;;;;;;;;;;;;;;;;;;;;;;;;;;;
;;;;;;;;;;;;;;;;;;;;;;;;;;;;;;;;;;;;;;;;;;;;;;
297251;;;31815-1;;01/04/2026;13723-EDER VITORINO PEREIRA;;;;140,000;;1,00000;;;140,00   ;;;;;140,00;;CSL-5254;SFF-S SUCATA DEFERRO (FUNDIDOMISTA);KG ;;R$ 0,00;;;0,0;0,00;;FORNECEDOR;;;ELETRÔNICA;;
;;;;;;;;;;;;;;;;;;;;;;;;;;;;;;;;;;;;;;;;;;;;;;
;;;;;;;;;;;;;;;;;;;;;;;;;;;;;;;;;;;;;;;;;;;RODOLFO.SALU                           ;;;
;;;;;;;;;;;;;;;;;;;;;;;;;;;;;;;;;;;;;;;;;;;;;;
;;;;;;;;;;;;;;;;;;;;;;;;;;;;;;;;;;;;;;;;;;;;;;
Data Pagamento: 01/04/2026;;;;;;;;;;;;;;;;;;;;;;;;;;;;;;;;;;;;;;;;;;;;;;
;;;;;;;;CPF / CNPJ: 020.347.521-63;;;;;;;;;;;;;;;;;;;;;;;;;;;;;;;;;;;;;;
;;;;;;;;;;;;;;;;;;;;;;;;;;;;;;;;;;;;;;;;;;;;;;
297252;;;;;01/04/2026;8188-FUNDIMAR FUNDICAO FERROLTDA;;;;3.210,000;;0,50000;;;1.605,00   ;;;;;1.605,00;;GPZ-5F48;SFMIU-S SUCATA DEFERRO (MIUDA);KG ;;R$ 0,00;;;0,0;0,00;;EMPRESA   ;;;ELETRÔNICA;;
;;;;;;;;;;;;;;;;;;;;;;;;;;;;;;;;;;;;;;;;;;;;;;
;;;;;;;;;;;;;;;;;;;;;;;;;;;;;;;;;;;;;;;;;;;VALTER VIERIA                          ;;;
;;;;;;;;;;;;;;;;;;;;;;;;;;;;;;;;;;;;;;;;;;;;;;
;;;;;;;;;;;;;;;;;;;;;;;;;;;;;;;;;;;;;;;;;;;;;;
;;;;;;;;;;;;;;;;;;;;;;;;;;;;;;;;;;;;;;;;;;;;;;
;;;;;;;;;;;;;;;;;;;;;;;;;;;;;;;;;;;;;;;;;;;;;;
;;;;;;;;CPF / CNPJ: 30.825.751/0001-08;;;;;;;;;;;;;;;;;;;;;;;;;;;;;;;;;;;;;;
;;;;;;;;;;;;;;;;;;;;;;;;;;;;;;;;;;;;;;;;;;;;;;
297274;;;38798-1;;01/04/2026;7283-ODIRLEY APARECIDO BONFIM;;;;250,000;;0,65000;;;162,50   ;;;;;162,50;;ABR-7478;SFC-S SUCATA DEFERRO (CHAPARIA);KG ;;R$ 0,00;;;0,0;0,00;;FORNECEDOR;;;ELETRÔNICA;;
;;;;;;;;;;;;;;;;;;;;;;;;;;;;;;;;;;;;;;;;;;;;;;
;;;;;;;;;;;;;;;;;;;;;;;;;;;;;;;;;;;;;;;;;;;VALTER VIERIA                          ;;;
;;;;;;;;;;;;;;;;;;;;;;;;;;;;;;;;;;;;;;;;;;;;;;
;;;;;;;;;;;;;;;;;;;;;;;;;;;;;;;;;;;;;;;;;;;;;;
Data Pagamento: 01/04/2026;;;;;;;;;;;;;;;;;;;;;;;;;;;;;;;;;;;;;;;;;;;;;;
;;;;;;;;CPF / CNPJ: 007.105.179-12;;;;;;;;;;;;;;;;;;;;;;;;;;;;;;;;;;;;;;
;;;;;;;;;;;;;;;;;;;;;;;;;;;;;;;;;;;;;;;;;;;;;;
297260;;;38797-1;;01/04/2026;8590-MIQUEIAS CARVALHO RIBAS;;;;350,000;;0,65000;;;227,50   ;;;;;227,50;;CPW-8750;SFC-S SUCATA DEFERRO (CHAPARIA);KG ;;R$ 0,00;;;0,0;0,00;;FORNECEDOR;;;ELETRÔNICA;;
;;;;;;;;;;;;;;;;;;;;;;;;;;;;;;;;;;;;;;;;;;;;;;
;;;;;;;;;;;;;;;;;;;;;;;;;;;;;;;;;;;;;;;;;;;VALTER VIERIA                          ;;;
;;;;;;;;;;;;;;;;;;;;;;;;;;;;;;;;;;;;;;;;;;;;;;
;;;;;;;;;;;;;;;;;;;;;;;;;;;;;;;;;;;;;;;;;;;;;;
Data Pagamento: 01/04/2026;;;;;;;;;;;;;;;;;;;;;;;;;;;;;;;;;;;;;;;;;;;;;;
;;;;;;;;CPF / CNPJ: 004.288.829-86;;;;;;;;;;;;;;;;;;;;;;;;;;;;;;;;;;;;;;
;;;;;;;;;;;;;;;;;;;;;;;;;;;;;;;;;;;;;;;;;;;;;;
297256;;;19862-2;;01/04/2026;14410-DIOGO CHAVES CALISTRO;;;;60,000;;0,80000;;;48,00   ;;;;;48,00;;IEU-5876;SFMIU-S SUCATA DEFERRO (MIUDA);KG ;;R$ 0,00;;;0,0;0,00;;FORNECEDOR;;;ELETRÔNICA;;
;;;;;;;;;;;;;;;;;;;;;;;;;;;;;;;;;;;;;;;;;;;;;;
;;;;;;;;;;;;;;;;;;;;;;;;;;;;;;;;;;;;;;;;;;;LUIZGUILHERME                         ;;;
;;;;;;;;;;;;;;;;;;;;;;;;;;;;;;;;;;;;;;;;;;;;;;
;;;;;;;;;;;;;;;;;;;;;;;;;;;;;;;;;;;;;;;;;;;;;;
Data Pagamento: 01/04/2026;;;;;;;;;;;;;;;;;;;;;;;;;;;;;;;;;;;;;;;;;;;;;;
;;;;;;;;CPF / CNPJ: 042.059.691-71;;;;;;;;;;;;;;;;;;;;;;;;;;;;;;;;;;;;;;
;;;;;;;;;;;;;;;;;;;;;;;;;;;;;;;;;;;;;;;;;;;;;;

www.sygecom.com.br - relatorios\sagi_rel_sem_agrupa_bol_placa_prod_bol_prod_20.fr3;;;;;;;;;;;;;;;;;;;;;;;;;;;;
Boleto;;;Nota Fiscal;;Data;Fornecedor;;;;;Quantidade;;;Preço;;;;R$ Total;Total c/ ICMSl;;;;;Placa;Produto;UN;;Valor IPI R$;;;;;Desconto;;Desconto R$;;;;Frete;;;Pesagem;;;Classificador;;;
;;;;;;;;;;;;;;;;;;;;;;;;;;;;;;;;;;;;;;;;;
297258;;;19864-2;;01/04/2026;;15452-JOHN MAICON CARDOSOPEREIRA;;;;1.210,000;;0,60000;;;726,00   ;;;;;726,00;;;QAP-0497;SFC-S SUCATA DEFERRO (CHAPARIA);;KG ;;;R$ 0,00;;;0,0;0,00;;;;FORNECEDOR;;;ELETRÔNICA;;;;;;
;;;;;;;;;;;;;;;;;;;;;;;;;;;;;;;;;;;;;;;;;;;;;;
;;;;;;;;;;;;;;;;;;;;;;;;;;;;;;;;;;;;;;;;;;;LUIZGUILHERME                         ;;;
;;;;;;;;;;;;;;;;;;;;;;;;;;;;;;;;;;;;;;;;;;;;;;
;;;;;;;;;;;;;;;;;;;;;;;;;;;;;;;;;;;;;;;;;;;;;;
Data Pagamento: 01/04/2026;;;;;;;;;;;;;;;;;;;;;;;;;;;;;;;;;;;;;;;;;;;;;;
;;;;;;;;;;;;;;;;;;;;;;;;;;;;;;;;;;;;;;;;;;;;;;
;;;;;;;;CPF / CNPJ: 047.834.011-79;;;;;;;;;;;;;;;;;;;;;;;;;;;;;;;;;;;;;;
;;;;;;;;;;;;;;;;;;;;;;;;;;;;;;;;;;;;;;;;;;;;;;
;;;;;;;;;;;;;;;;;;;;;;;;;;;;;;;;;;;;;;;;;;;;;;
297257;;;;;01/04/2026;5630-ROSSE E ROSSE LTDA;;;;6.720,000;;0,65000;;;4.368,00   ;;;;;4.368,00;;ALA-2525;SFC-S SUCATA DEFERRO (CHAPARIA);KG ;;R$ 0,00;;;0,0;0,00;;FORNECEDOR;;;ELETRÔNICA;;
;;;;;;;;;;;;;;;;;;;;;;;;;;;;;;;;;;;;;;;;;;;;;;
;;;;;;;;;;;;;;;;;;;;;;;;;;;;;;;;;;;;;;;;;;;JOHNNIS.SCHIAVON                       ;;;
;;;;;;;;;;;;;;;;;;;;;;;;;;;;;;;;;;;;;;;;;;;;;;
;;;;;;;;;;;;;;;;;;;;;;;;;;;;;;;;;;;;;;;;;;;;;;
;;;;;;;;;;;;;;;;;;;;;;;;;;;;;;;;;;;;;;;;;;;;;;
;;;;;;;;CPF / CNPJ: 80.040.892/0001-93;;;;;;;;;;;;;;;;;;;;;;;;;;;;;;;;;;;;;;
;;;;;;;;;;;;;;;;;;;;;;;;;;;;;;;;;;;;;;;;;;;;;;
297264;;;19865-2;;01/04/2026;12008-EDSON MORAIS COUTINHO;;;;180,000;;0,60000;;;108,00   ;;;;;108,00;;IEX-4857;SFC-S SUCATA DEFERRO (CHAPARIA);KG ;;R$ 0,00;;;0,0;0,00;;FORNECEDOR;;;ELETRÔNICA;;
;;;;;;;;;;;;;;;;;;;;;;;;;;;;;;;;;;;;;;;;;;;;;;
;;;;;;;;;;;;;;;;;;;;;;;;;;;;;;;;;;;;;;;;;;;LUIZGUILHERME                         ;;;
;;;;;;;;;;;;;;;;;;;;;;;;;;;;;;;;;;;;;;;;;;;;;;
;;;;;;;;;;;;;;;;;;;;;;;;;;;;;;;;;;;;;;;;;;;;;;
Data Pagamento: 01/04/2026;;;;;;;;;;;;;;;;;;;;;;;;;;;;;;;;;;;;;;;;;;;;;;
;;;;;;;;CPF / CNPJ: 058.568.128-75;;;;;;;;;;;;;;;;;;;;;;;;;;;;;;;;;;;;;;
;;;;;;;;;;;;;;;;;;;;;;;;;;;;;;;;;;;;;;;;;;;;;;
297259;;;;;01/04/2026;5630-ROSSE E ROSSE LTDA;;;;1.620,000;;0,65000;;;1.053,00   ;;;;;1.053,00;;MQU-3360;SFC-S SUCATA DEFERRO (CHAPARIA);KG ;;R$ 0,00;;;0,0;0,00;;FORNECEDOR;;;ELETRÔNICA;;
;;;;;;;;;;;;;;;;;;;;;;;;;;;;;;;;;;;;;;;;;;;;;;
;;;;;;;;;;;;;;;;;;;;;;;;;;;;;;;;;;;;;;;;;;;JOHNNIS.SCHIAVON                       ;;;
;;;;;;;;;;;;;;;;;;;;;;;;;;;;;;;;;;;;;;;;;;;;;;
;;;;;;;;;;;;;;;;;;;;;;;;;;;;;;;;;;;;;;;;;;;;;;
;;;;;;;;;;;;;;;;;;;;;;;;;;;;;;;;;;;;;;;;;;;;;;
;;;;;;;;CPF / CNPJ: 80.040.892/0001-93;;;;;;;;;;;;;;;;;;;;;;;;;;;;;;;;;;;;;;
;;;;;;;;;;;;;;;;;;;;;;;;;;;;;;;;;;;;;;;;;;;;;;
297266;;;19866-2;;01/04/2026;11732-FABIANO ARGUELHO ORTIZFERNANDES;;;;250,000;;0,80000;;;200,00   ;;;;;200,00;;HSH-3502;SFMIU-S SUCATA DEFERRO (MIUDA);KG ;;R$ 0,00;;;0,0;0,00;;FORNECEDOR;;;ELETRÔNICA;;
;;;;;;;;;;;;;;;;;;;;;;;;;;;;;;;;;;;;;;;;;;;;;;
;;;;;;;;;;;;;;;;;;;;;;;;;;;;;;;;;;;;;;;;;;;LUIZGUILHERME                         ;;;
;;;;;;;;;;;;;;;;;;;;;;;;;;;;;;;;;;;;;;;;;;;;;;
;;;;;;;;;;;;;;;;;;;;;;;;;;;;;;;;;;;;;;;;;;;;;;
Data Pagamento: 01/04/2026;;;;;;;;;;;;;;;;;;;;;;;;;;;;;;;;;;;;;;;;;;;;;;
;;;;;;;;;;;;;;;;;;;;;;;;;;;;;;;;;;;;;;;;;;;;;;
;;;;;;;;CPF / CNPJ: 005.151.181-92;;;;;;;;;;;;;;;;;;;;;;;;;;;;;;;;;;;;;;
;;;;;;;;;;;;;;;;;;;;;;;;;;;;;;;;;;;;;;;;;;;;;;
;;;;;;;;;;;;;;;;;;;;;;;;;;;;;;;;;;;;;;;;;;;;;;
297263;;;;;01/04/2026;11678-DANIEL DA COSTAMACHADO ME;;;;1.450,000;;0,60000;;;870,00   ;;;;;870,00;;GBK-3926;SFC-S SUCATA DEFERRO (CHAPARIA);KG ;;R$ 0,00;;;0,0;0,00;;FORNECEDOR;;;ELETRÔNICA;;
;;;;;;;;;;;;;;;;;;;;;;;;;;;;;;;;;;;;;;;;;;;;;;
;;;;;;;;;;;;;;;;;;;;;;;;;;;;;;;;;;;;;;;;;;;LUIZGUILHERME                         ;;;
;;;;;;;;;;;;;;;;;;;;;;;;;;;;;;;;;;;;;;;;;;;;;;
;;;;;;;;;;;;;;;;;;;;;;;;;;;;;;;;;;;;;;;;;;;;;;
;;;;;;;;;;;;;;;;;;;;;;;;;;;;;;;;;;;;;;;;;;;;;;
;;;;;;;;;;;;;;;;;;;;;;;;;;;;;;;;;;;;;;;;;;;;;;
;;;;;;;;CPF / CNPJ: 20.328.003/0001-66;;;;;;;;;;;;;;;;;;;;;;;;;;;;;;;;;;;;;;
;;;;;;;;;;;;;;;;;;;;;;;;;;;;;;;;;;;;;;;;;;;;;;
297250;;;;;01/04/2026;15361-JOSE EDER SANCHES;;;;1.260,000;;0,65000;;;819,00   ;;;;;819,00;;BZG-6A91;SFE-S SUCATA DEFERRO (ESTAMPARIAMISTA);KG ;;R$ 0,00;;;0,0;0,00;;EMPRESA   ;;;ELETRÔNICA;;
;;;;;;;;;;;;;;;;;;;;;;;;;;;;;;;;;;;;;;;;;;;;;;
;;;;;;;;;;;;;;;;;;;;;;;;;;;;;;;;;;;;;;;;;;;MAURICIO                               ;;;
;;;;;;;;;;;;;;;;;;;;;;;;;;;;;;;;;;;;;;;;;;;;;;
;;;;;;;;;;;;;;;;;;;;;;;;;;;;;;;;;;;;;;;;;;;;;;
;;;;;;;;;;;;;;;;;;;;;;;;;;;;;;;;;;;;;;;;;;;;;;
;;;;;;;;CPF / CNPJ: 040.377.178-16;;;;;;;;;;;;;;;;;;;;;;;;;;;;;;;;;;;;;;
;;;;;;;;;;;;;;;;;;;;;;;;;;;;;;;;;;;;;;;;;;;;;;
297250;;;;;01/04/2026;15361-JOSE EDER SANCHES;;;;7.920,000;;0,60000;;;4.752,00   ;;;;;4.752,00;;BZG-6A91;SFPC-F SUCATA DEFERRO (PACOTE DECHAPARIA);KG ;;R$ 0,00;;;0,0;0,00;;EMPRESA   ;;;ELETRÔNICA;;
;;;;;;;;;;;;;;;;;;;;;;;;;;;;;;;;;;;;;;;;;;;;;;
;;;;;;;;;;;;;;;;;;;;;;;;;;;;;;;;;;;;;;;;;;;MAURICIO                               ;;;
;;;;;;;;;;;;;;;;;;;;;;;;;;;;;;;;;;;;;;;;;;;;;;
;;;;;;;;;;;;;;;;;;;;;;;;;;;;;;;;;;;;;;;;;;;;;;
;;;;;;;;;;;;;;;;;;;;;;;;;;;;;;;;;;;;;;;;;;;;;;
;;;;;;;;CPF / CNPJ: 040.377.178-16;;;;;;;;;;;;;;;;;;;;;;;;;;;;;;;;;;;;;;
;;;;;;;;;;;;;;;;;;;;;;;;;;;;;;;;;;;;;;;;;;;;;;
297268;;;53544-1;;01/04/2026;16760-IURI SANTOS SILVA;;;;560,000;;0,90000;;;504,00   ;;;;;504,00;;AFU-3I09;SFMIU-S SUCATA DEFERRO (MIUDA);KG ;;R$ 0,00;;;0,0;0,00;;FORNECEDOR;;;ELETRÔNICA;;
;;;;;;;;;;;;;;;;;;;;;;;;;;;;;;;;;;;;;;;;;;;;;;
;;;;;;;;;;;;;;;;;;;;;;;;;;;;;;;;;;;;;;;;;;;TIAGO LUIS DESOUZA                    ;;;
;;;;;;;;;;;;;;;;;;;;;;;;;;;;;;;;;;;;;;;;;;;;;;
;;;;;;;;;;;;;;;;;;;;;;;;;;;;;;;;;;;;;;;;;;;;;;
Data Pagamento: 01/04/2026;;;;;;;;;;;;;;;;;;;;;;;;;;;;;;;;;;;;;;;;;;;;;;
;;;;;;;;CPF / CNPJ: 097.823.529-00;;;;;;;;;;;;;;;;;;;;;;;;;;;;;;;;;;;;;;
;;;;;;;;;;;;;;;;;;;;;;;;;;;;;;;;;;;;;;;;;;;;;;
297265;;;38800-1;;01/04/2026;705-MARCIO FERNANDO MARTINS;;;;2.780,000;;0,90000;;;2.502,00   ;;;;;2.502,00;;SEM-PLAC;SFP-S SUCATA DEFERRO (GRAUDA);KG ;;R$ 0,00;;;0,0;0,00;;FORNECEDOR;;;ELETRÔNICA;;
;;;;;;;;;;;;;;;;;;;;;;;;;;;;;;;;;;;;;;;;;;;;;;
;;;;;;;;;;;;;;;;;;;;;;;;;;;;;;;;;;;;;;;;;;;VALTER VIERIA                          ;;;
;;;;;;;;;;;;;;;;;;;;;;;;;;;;;;;;;;;;;;;;;;;;;;
;;;;;;;;;;;;;;;;;;;;;;;;;;;;;;;;;;;;;;;;;;;;;;
Data Pagamento: 01/04/2026;;;;;;;;;;;;;;;;;;;;;;;;;;;;;;;;;;;;;;;;;;;;;;
;;;;;;;;CPF / CNPJ: 900.952.009-91;;;;;;;;;;;;;;;;;;;;;;;;;;;;;;;;;;;;;;
;;;;;;;;;;;;;;;;;;;;;;;;;;;;;;;;;;;;;;;;;;;;;;
297269;;;53548-1;;01/04/2026;9683-DENILSON BRAS MERIGUE;;;;420,000;;0,65000;;;273,00   ;;;;;273,00;;AGC-6D99;SFC-S SUCATA DEFERRO (CHAPARIA);KG ;;R$ 0,00;;;0,0;0,00;;FORNECEDOR;;;ELETRÔNICA;;
;;;;;;;;;;;;;;;;;;;;;;;;;;;;;;;;;;;;;;;;;;;;;;
;;;;;;;;;;;;;;;;;;;;;;;;;;;;;;;;;;;;;;;;;;;TIAGO LUIS DESOUZA                    ;;;
;;;;;;;;;;;;;;;;;;;;;;;;;;;;;;;;;;;;;;;;;;;;;;
;;;;;;;;;;;;;;;;;;;;;;;;;;;;;;;;;;;;;;;;;;;;;;
Data Pagamento: 01/04/2026;;;;;;;;;;;;;;;;;;;;;;;;;;;;;;;;;;;;;;;;;;;;;;
;;;;;;;;CPF / CNPJ: 804.452.099-68;;;;;;;;;;;;;;;;;;;;;;;;;;;;;;;;;;;;;;
;;;;;;;;;;;;;;;;;;;;;;;;;;;;;;;;;;;;;;;;;;;;;;
297275;;;53545-1;;01/04/2026;4661-LEANDRO JOSE RODRIGUES;;;;880,000;;0,65000;;;572,00   ;;;;;572,00;;CHP-0335;SFC-S SUCATA DEFERRO (CHAPARIA);KG ;;R$ 0,00;;;0,0;0,00;;FORNECEDOR;;;ELETRÔNICA;;
;;;;;;;;;;;;;;;;;;;;;;;;;;;;;;;;;;;;;;;;;;;;;;
;;;;;;;;;;;;;;;;;;;;;;;;;;;;;;;;;;;;;;;;;;;TIAGO LUIS DESOUZA                    ;;;
;;;;;;;;;;;;;;;;;;;;;;;;;;;;;;;;;;;;;;;;;;;;;;
;;;;;;;;;;;;;;;;;;;;;;;;;;;;;;;;;;;;;;;;;;;;;;
Data Pagamento: 01/04/2026;;;;;;;;;;;;;;;;;;;;;;;;;;;;;;;;;;;;;;;;;;;;;;
;;;;;;;;CPF / CNPJ: 011.230.589-03;;;;;;;;;;;;;;;;;;;;;;;;;;;;;;;;;;;;;;
;;;;;;;;;;;;;;;;;;;;;;;;;;;;;;;;;;;;;;;;;;;;;;
297267;;;1414-1;;01/04/2026;6315-THIAGO JOSE GUERREIRO;;;;190,000;;0,80000;;;152,00   ;;;;;152,00;;AEA-2E56;SFMIU-S SUCATA DEFERRO (MIUDA);KG ;;R$ 0,00;;;0,0;0,00;;FORNECEDOR;;;ELETRÔNICA;;
;;;;;;;;;;;;;;;;;;;;;;;;;;;;;;;;;;;;;;;;;;;;;;
;;;;;;;;;;;;;;;;;;;;;;;;;;;;;;;;;;;;;;;;;;;JOHNNIS.SCHIAVON                       ;;;
;;;;;;;;;;;;;;;;;;;;;;;;;;;;;;;;;;;;;;;;;;;;;;
;;;;;;;;;;;;;;;;;;;;;;;;;;;;;;;;;;;;;;;;;;;;;;
Data Pagamento: 01/04/2026;;;;;;;;;;;;;;;;;;;;;;;;;;;;;;;;;;;;;;;;;;;;;;
;;;;;;;;CPF / CNPJ: 010.282.319-70;;;;;;;;;;;;;;;;;;;;;;;;;;;;;;;;;;;;;;
;;;;;;;;;;;;;;;;;;;;;;;;;;;;;;;;;;;;;;;;;;;;;;
297267;;;1414-1;;01/04/2026;6315-THIAGO JOSE GUERREIRO;;;;1.110,000;;0,65000;;;721,50   ;;;;;721,50;;AEA-2E56;SFC-S SUCATA DEFERRO (CHAPARIA);KG ;;R$ 0,00;;;0,0;0,00;;FORNECEDOR;;;ELETRÔNICA;;
;;;;;;;;;;;;;;;;;;;;;;;;;;;;;;;;;;;;;;;;;;;;;;
;;;;;;;;;;;;;;;;;;;;;;;;;;;;;;;;;;;;;;;;;;;JOHNNIS.SCHIAVON                       ;;;
;;;;;;;;;;;;;;;;;;;;;;;;;;;;;;;;;;;;;;;;;;;;;;
;;;;;;;;;;;;;;;;;;;;;;;;;;;;;;;;;;;;;;;;;;;;;;
Data Pagamento: 01/04/2026;;;;;;;;;;;;;;;;;;;;;;;;;;;;;;;;;;;;;;;;;;;;;;
;;;;;;;;CPF / CNPJ: 010.282.319-70;;;;;;;;;;;;;;;;;;;;;;;;;;;;;;;;;;;;;;
;;;;;;;;;;;;;;;;;;;;;;;;;;;;;;;;;;;;;;;;;;;;;;

www.sygecom.com.br - relatorios\sagi_rel_sem_agrupa_bol_placa_prod_bol_prod_20.fr3;;;;;;;;;;;;;;;;;;;;;;;;;;;;
Boleto;;;Nota Fiscal;;Data;Fornecedor;;;;;Quantidade;;;Preço;;;;R$ Total;Total c/ ICMSl;;;;;Placa;Produto;UN;;Valor IPI R$;;;;;Desconto;;Desconto R$;;;;Frete;;;Pesagem;;;Classificador;;;
;;;;;;;;;;;;;;;;;;;;;;;;;;;;;;;;;;;;;;;;;
297270;;;38803-1;;01/04/2026;;1373-LUIZ APARECIDO FRANCISCO;;;;1.020,000;;0,65000;;;663,00   ;;;;;663,00;;;DAE-4689;SFC-S SUCATA DEFERRO (CHAPARIA);;KG ;;;R$ 0,00;;;0,0;0,00;;;;FORNECEDOR;;;ELETRÔNICA;;;;;;
;;;;;;;;;;;;;;;;;;;;;;;;;;;;;;;;;;;;;;;;;;;;;;
;;;;;;;;;;;;;;;;;;;;;;;;;;;;;;;;;;;;;;;;;;;VALTER VIERIA                          ;;;
;;;;;;;;;;;;;;;;;;;;;;;;;;;;;;;;;;;;;;;;;;;;;;
;;;;;;;;;;;;;;;;;;;;;;;;;;;;;;;;;;;;;;;;;;;;;;
Data Pagamento: 01/04/2026;;;;;;;;;;;;;;;;;;;;;;;;;;;;;;;;;;;;;;;;;;;;;;
;;;;;;;;CPF / CNPJ: 783.039.319-20;;;;;;;;;;;;;;;;;;;;;;;;;;;;;;;;;;;;;;
;;;;;;;;;;;;;;;;;;;;;;;;;;;;;;;;;;;;;;;;;;;;;;
297273;;;38801-1;;01/04/2026;17980-IDEAL CACAMBAS LTDA;;;;2.010,000;;0,65000;;;1.306,50   ;;;;;1.306,50;;SDX-IH62;SFC-S SUCATA DEFERRO (CHAPARIA);KG ;;R$ 0,00;;;0,0;0,00;;FORNECEDOR;;;ELETRÔNICA;;
;;;;;;;;;;;;;;;;;;;;;;;;;;;;;;;;;;;;;;;;;;;;;;
;;;;;;;;;;;;;;;;;;;;;;;;;;;;;;;;;;;;;;;;;;;VALTER VIERIA                          ;;;
;;;;;;;;;;;;;;;;;;;;;;;;;;;;;;;;;;;;;;;;;;;;;;
;;;;;;;;;;;;;;;;;;;;;;;;;;;;;;;;;;;;;;;;;;;;;;
Data Pagamento: 01/04/2026;;;;;;;;;;;;;;;;;;;;;;;;;;;;;;;;;;;;;;;;;;;;;;
;;;;;;;;CPF / CNPJ: 26.377.769/0001-17;;;;;;;;;;;;;;;;;;;;;;;;;;;;;;;;;;;;;;
;;;;;;;;;;;;;;;;;;;;;;;;;;;;;;;;;;;;;;;;;;;;;;
297250;;;;;01/04/2026;15361-JOSE EDER SANCHES;;;;16.410,000;;0,70000;;;11.487,00   ;;;;;11.487,00;;BZG-6A91;SFMIU-S SUCATA DEFERRO (MIUDA);KG ;;R$ 0,00;;;0,0;0,00;;EMPRESA   ;;;ELETRÔNICA;;
;;;;;;;;;;;;;;;;;;;;;;;;;;;;;;;;;;;;;;;;;;;;;;
;;;;;;;;;;;;;;;;;;;;;;;;;;;;;;;;;;;;;;;;;;;MAURICIO                               ;;;
;;;;;;;;;;;;;;;;;;;;;;;;;;;;;;;;;;;;;;;;;;;;;;
;;;;;;;;;;;;;;;;;;;;;;;;;;;;;;;;;;;;;;;;;;;;;;
;;;;;;;;;;;;;;;;;;;;;;;;;;;;;;;;;;;;;;;;;;;;;;
;;;;;;;;CPF / CNPJ: 040.377.178-16;;;;;;;;;;;;;;;;;;;;;;;;;;;;;;;;;;;;;;
;;;;;;;;;;;;;;;;;;;;;;;;;;;;;;;;;;;;;;;;;;;;;;
297285;;;;;01/04/2026;104-MECANICA IMPLEMAQ LTDA;;;;2.380,000;;0,60000;;;1.428,00   ;;;;;1.428,00;;EJZ-7G08;SCF-S SUCATA DEFERRO (CAVACO);KG ;;R$ 0,00;;;0,0;0,00;;EMPRESA   ;;;ELETRÔNICA;;
;;;;;;;;;;;;;;;;;;;;;;;;;;;;;;;;;;;;;;;;;;;;;;
;;;;;;;;;;;;;;;;;;;;;;;;;;;;;;;;;;;;;;;;;;;MAURICIO                               ;;;
;;;;;;;;;;;;;;;;;;;;;;;;;;;;;;;;;;;;;;;;;;;;;;
;;;;;;;;;;;;;;;;;;;;;;;;;;;;;;;;;;;;;;;;;;;;;;
;;;;;;;;;;;;;;;;;;;;;;;;;;;;;;;;;;;;;;;;;;;;;;
;;;;;;;;CPF / CNPJ: 43.204.213/0001-48;;;;;;;;;;;;;;;;;;;;;;;;;;;;;;;;;;;;;;
;;;;;;;;;;;;;;;;;;;;;;;;;;;;;;;;;;;;;;;;;;;;;;
297271;;;5859-1;;01/04/2026;18382-FORTE EMPILHADEIRASLTDA;;;;2.670,000;;0,80000;;;2.136,00   ;;;;;2.136,00;;AHQ-9E28;SFMIU-S SUCATA DEFERRO (MIUDA);KG ;;R$ 0,00;;;30,0;24,00;;FORNECEDOR;;;ELETRÔNICA;;
;;;;;;;;;;;;;;;;;;;;;;;;;;;;;;;;;;;;;;;;;;;;;;
;;;;;;;;;;;;;;;;;;;;;;;;;;;;;;;;;;;;;;;;;;;RODOLFO.SALU                           ;;;
;;;;;;;;;;;;;;;;;;;;;;;;;;;;;;;;;;;;;;;;;;;;;;
;;;;;;;;;;;;;;;;;;;;;;;;;;;;;;;;;;;;;;;;;;;;;;
;;;;;;;;;;;;;;;;;;;;;;;;;;;;;;;;;;;;;;;;;;;;;;
;;;;;;;;;;;;;;;;;;;;;;;;;;;;;;;;;;;;;;;;;;;;;;
;;;;;;;;CPF / CNPJ: 17.526.984/0001-41;;;;;;;;;;;;;;;;;;;;;;;;;;;;;;;;;;;;;;
;;;;;;;;;;;;;;;;;;;;;;;;;;;;;;;;;;;;;;;;;;;;;;
297279;;;31818-1;;01/04/2026;3595-MARCELO VIEIRA;;;;820,000;;0,80000;;;656,00   ;;;;;656,00;;HSI-0818;SFMIU-S SUCATA DEFERRO (MIUDA);KG ;;R$ 0,00;;;0,0;0,00;;FORNECEDOR;;;ELETRÔNICA;;
;;;;;;;;;;;;;;;;;;;;;;;;;;;;;;;;;;;;;;;;;;;;;;
;;;;;;;;;;;;;;;;;;;;;;;;;;;;;;;;;;;;;;;;;;;RODOLFO.SALU                           ;;;
;;;;;;;;;;;;;;;;;;;;;;;;;;;;;;;;;;;;;;;;;;;;;;
;;;;;;;;;;;;;;;;;;;;;;;;;;;;;;;;;;;;;;;;;;;;;;
Data Pagamento: 01/04/2026;;;;;;;;;;;;;;;;;;;;;;;;;;;;;;;;;;;;;;;;;;;;;;
;;;;;;;;CPF / CNPJ: 712.768.901-68;;;;;;;;;;;;;;;;;;;;;;;;;;;;;;;;;;;;;;
;;;;;;;;;;;;;;;;;;;;;;;;;;;;;;;;;;;;;;;;;;;;;;
297278;;;1416-1;;01/04/2026;10761-JOSE MARCOS LIMAARAUJO;;;;260,000;;0,80000;;;208,00   ;;;;;208,00;;FNG-7G63;SFMIU-S SUCATA DEFERRO (MIUDA);KG ;;R$ 0,00;;;0,0;0,00;;FORNECEDOR;;;ELETRÔNICA;;
;;;;;;;;;;;;;;;;;;;;;;;;;;;;;;;;;;;;;;;;;;;;;;
;;;;;;;;;;;;;;;;;;;;;;;;;;;;;;;;;;;;;;;;;;;JOHNNIS.SCHIAVON                       ;;;
;;;;;;;;;;;;;;;;;;;;;;;;;;;;;;;;;;;;;;;;;;;;;;
;;;;;;;;;;;;;;;;;;;;;;;;;;;;;;;;;;;;;;;;;;;;;;
Data Pagamento: 01/04/2026;;;;;;;;;;;;;;;;;;;;;;;;;;;;;;;;;;;;;;;;;;;;;;
;;;;;;;;;;;;;;;;;;;;;;;;;;;;;;;;;;;;;;;;;;;;;;
;;;;;;;;CPF / CNPJ: 094.021.089-47;;;;;;;;;;;;;;;;;;;;;;;;;;;;;;;;;;;;;;
;;;;;;;;;;;;;;;;;;;;;;;;;;;;;;;;;;;;;;;;;;;;;;
;;;;;;;;;;;;;;;;;;;;;;;;;;;;;;;;;;;;;;;;;;;;;;
297276;;;38802-1;;01/04/2026;5663-JOAO CARLOS DE OLIVEIRA;;;;100,000;;0,65000;;;65,00   ;;;;;65,00;;CYA-8A16;SFC-S SUCATA DEFERRO (CHAPARIA);KG ;;R$ 0,00;;;0,0;0,00;;FORNECEDOR;;;ELETRÔNICA;;
;;;;;;;;;;;;;;;;;;;;;;;;;;;;;;;;;;;;;;;;;;;;;;
;;;;;;;;;;;;;;;;;;;;;;;;;;;;;;;;;;;;;;;;;;;VALTER VIERIA                          ;;;
;;;;;;;;;;;;;;;;;;;;;;;;;;;;;;;;;;;;;;;;;;;;;;
;;;;;;;;;;;;;;;;;;;;;;;;;;;;;;;;;;;;;;;;;;;;;;
Data Pagamento: 01/04/2026;;;;;;;;;;;;;;;;;;;;;;;;;;;;;;;;;;;;;;;;;;;;;;
;;;;;;;;CPF / CNPJ: 025.132.619-50;;;;;;;;;;;;;;;;;;;;;;;;;;;;;;;;;;;;;;
;;;;;;;;;;;;;;;;;;;;;;;;;;;;;;;;;;;;;;;;;;;;;;
297280;;;38804-1;;01/04/2026;5567-WELLINGTON HENRIQUE DESOUZA E SILVA;;;;660,000;;1,00000;;;660,00   ;;;;;660,00;;APM-3170;SFF-S SUCATA DEFERRO (FUNDIDOMISTA);KG ;;R$ 0,00;;;0,0;0,00;;FORNECEDOR;;;ELETRÔNICA;;
;;;;;;;;;;;;;;;;;;;;;;;;;;;;;;;;;;;;;;;;;;;;;;
;;;;;;;;;;;;;;;;;;;;;;;;;;;;;;;;;;;;;;;;;;;VALTER VIERIA                          ;;;
;;;;;;;;;;;;;;;;;;;;;;;;;;;;;;;;;;;;;;;;;;;;;;
;;;;;;;;;;;;;;;;;;;;;;;;;;;;;;;;;;;;;;;;;;;;;;
Data Pagamento: 01/04/2026;;;;;;;;;;;;;;;;;;;;;;;;;;;;;;;;;;;;;;;;;;;;;;
;;;;;;;;;;;;;;;;;;;;;;;;;;;;;;;;;;;;;;;;;;;;;;
;;;;;;;;CPF / CNPJ: 219.070.498-78;;;;;;;;;;;;;;;;;;;;;;;;;;;;;;;;;;;;;;
;;;;;;;;;;;;;;;;;;;;;;;;;;;;;;;;;;;;;;;;;;;;;;
;;;;;;;;;;;;;;;;;;;;;;;;;;;;;;;;;;;;;;;;;;;;;;
297277;;;31822-1;;01/04/2026;7899-HIGOR MARIANO MARQUES;;;;360,000;;0,80000;;;288,00   ;;;;;288,00;;RFM-6D13;SFMIU-S SUCATA DEFERRO (MIUDA);KG ;;R$ 0,00;;;0,0;0,00;;FORNECEDOR;;;ELETRÔNICA;;
;;;;;;;;;;;;;;;;;;;;;;;;;;;;;;;;;;;;;;;;;;;;;;
;;;;;;;;;;;;;;;;;;;;;;;;;;;;;;;;;;;;;;;;;;;RODOLFO.SALU                           ;;;
;;;;;;;;;;;;;;;;;;;;;;;;;;;;;;;;;;;;;;;;;;;;;;
;;;;;;;;;;;;;;;;;;;;;;;;;;;;;;;;;;;;;;;;;;;;;;
Data Pagamento: 01/04/2026;;;;;;;;;;;;;;;;;;;;;;;;;;;;;;;;;;;;;;;;;;;;;;
;;;;;;;;CPF / CNPJ: 072.899.731-27;;;;;;;;;;;;;;;;;;;;;;;;;;;;;;;;;;;;;;
;;;;;;;;;;;;;;;;;;;;;;;;;;;;;;;;;;;;;;;;;;;;;;
297281;;;38808-1,38809-1;;01/04/2026;6270-ACQUA GELATA IND. E COM.DE APA. DE REFRIG. LTDA;;;;1.130,000;;0,60000;;;678,00   ;;;;;678,00;;GPZ-5F48;SFE-S SUCATA DEFERRO (ESTAMPARIAMISTA);KG ;;R$ 0,00;;;0,0;0,00;;EMPRESA   ;;;ELETRÔNICA;;
;;;;;;;;;;;;;;;;;;;;;;;;;;;;;;;;;;;;;;;;;;;;;;
;;;;;;;;;;;;;;;;;;;;;;;;;;;;;;;;;;;;;;;;;;;VALTER VIERIA                          ;;;
;;;;;;;;;;;;;;;;;;;;;;;;;;;;;;;;;;;;;;;;;;;;;;
;;;;;;;;;;;;;;;;;;;;;;;;;;;;;;;;;;;;;;;;;;;;;;
;;;;;;;;;;;;;;;;;;;;;;;;;;;;;;;;;;;;;;;;;;;;;;
;;;;;;;;;;;;;;;;;;;;;;;;;;;;;;;;;;;;;;;;;;;;;;
;;;;;;;;;;;;;;;;;;;;;;;;;;;;;;;;;;;;;;;;;;;;;;
;;;;;;;;CPF / CNPJ: 72.469.471/0001-54;;;;;;;;;;;;;;;;;;;;;;;;;;;;;;;;;;;;;;
;;;;;;;;;;;;;;;;;;;;;;;;;;;;;;;;;;;;;;;;;;;;;;
297302;;;;;01/04/2026;16808-COOPERATIVA DOSCATADORES DE MAT. REC. - NOVOHORIZONTE;;;;1.050,000;;0,60000;;;630,00   ;;;;;630,00;;QAP-0497;SFC-S SUCATA DEFERRO (CHAPARIA);KG ;;R$ 0,00;;;0,0;0,00;;FORNECEDOR;;;ELETRÔNICA;;
;;;;;;;;;;;;;;;;;;;;;;;;;;;;;;;;;;;;;;;;;;;;;;
;;;;;;;;;;;;;;;;;;;;;;;;;;;;;;;;;;;;;;;;;;;LUIZGUILHERME                         ;;;
;;;;;;;;;;;;;;;;;;;;;;;;;;;;;;;;;;;;;;;;;;;;;;
;;;;;;;;;;;;;;;;;;;;;;;;;;;;;;;;;;;;;;;;;;;;;;
;;;;;;;;;;;;;;;;;;;;;;;;;;;;;;;;;;;;;;;;;;;;;;
;;;;;;;;;;;;;;;;;;;;;;;;;;;;;;;;;;;;;;;;;;;;;;
;;;;;;;;CPF / CNPJ: 23.110.585/0001-06;;;;;;;;;;;;;;;;;;;;;;;;;;;;;;;;;;;;;;
;;;;;;;;;;;;;;;;;;;;;;;;;;;;;;;;;;;;;;;;;;;;;;
297283;;;1417-1;;01/04/2026;18203-SANDRA ROSA FLORENCIO;;;;220,000;;0,65000;;;143,00   ;;;;;143,00;;BMF-9661;SFC-S SUCATA DEFERRO (CHAPARIA);KG ;;R$ 0,00;;;0,0;0,00;;FORNECEDOR;;;ELETRÔNICA;;
;;;;;;;;;;;;;;;;;;;;;;;;;;;;;;;;;;;;;;;;;;;;;;
;;;;;;;;;;;;;;;;;;;;;;;;;;;;;;;;;;;;;;;;;;;JOHNNIS.SCHIAVON                       ;;;
;;;;;;;;;;;;;;;;;;;;;;;;;;;;;;;;;;;;;;;;;;;;;;
;;;;;;;;;;;;;;;;;;;;;;;;;;;;;;;;;;;;;;;;;;;;;;
Data Pagamento: 01/04/2026;;;;;;;;;;;;;;;;;;;;;;;;;;;;;;;;;;;;;;;;;;;;;;
;;;;;;;;CPF / CNPJ: 60.204.273/0001-80;;;;;;;;;;;;;;;;;;;;;;;;;;;;;;;;;;;;;;
;;;;;;;;;;;;;;;;;;;;;;;;;;;;;;;;;;;;;;;;;;;;;;

www.sygecom.com.br - relatorios\sagi_rel_sem_agrupa_bol_placa_prod_bol_prod_20.fr3;;;;;;;;;;;;;;;;;;;;;;;;;;;;
Boleto;;;Nota Fiscal;;Data;Fornecedor;;;;;Quantidade;;;Preço;;;;R$ Total;Total c/ ICMSl;;;;;Placa;Produto;UN;;Valor IPI R$;;;;;Desconto;;Desconto R$;;;;Frete;;;Pesagem;;;Classificador;;;
;;;;;;;;;;;;;;;;;;;;;;;;;;;;;;;;;;;;;;;;;
297282;;;31819-1;;01/04/2026;;5047-WAGNER CEZAR PEREIRAROCHA;;;;120,000;;0,80000;;;96,00   ;;;;;96,00;;;HRM-2I17;SFMIU-S SUCATA DEFERRO (MIUDA);;KG ;;;R$ 0,00;;;0,0;0,00;;;;FORNECEDOR;;;ELETRÔNICA;;;;;;
;;;;;;;;;;;;;;;;;;;;;;;;;;;;;;;;;;;;;;;;;;;;;;
;;;;;;;;;;;;;;;;;;;;;;;;;;;;;;;;;;;;;;;;;;;RODOLFO.SALU                           ;;;
;;;;;;;;;;;;;;;;;;;;;;;;;;;;;;;;;;;;;;;;;;;;;;
;;;;;;;;;;;;;;;;;;;;;;;;;;;;;;;;;;;;;;;;;;;;;;
Data Pagamento: 01/04/2026;;;;;;;;;;;;;;;;;;;;;;;;;;;;;;;;;;;;;;;;;;;;;;
;;;;;;;;;;;;;;;;;;;;;;;;;;;;;;;;;;;;;;;;;;;;;;
;;;;;;;;CPF / CNPJ: 959.689.891-49;;;;;;;;;;;;;;;;;;;;;;;;;;;;;;;;;;;;;;
;;;;;;;;;;;;;;;;;;;;;;;;;;;;;;;;;;;;;;;;;;;;;;
;;;;;;;;;;;;;;;;;;;;;;;;;;;;;;;;;;;;;;;;;;;;;;
297282;;;31819-1;;01/04/2026;5047-WAGNER CEZAR PEREIRAROCHA;;;;60,000;;0,60000;;;36,00   ;;;;;36,00;;HRM-2I17;SFC-S SUCATA DEFERRO (CHAPARIA);KG ;;R$ 0,00;;;0,0;0,00;;FORNECEDOR;;;ELETRÔNICA;;
;;;;;;;;;;;;;;;;;;;;;;;;;;;;;;;;;;;;;;;;;;;;;;
;;;;;;;;;;;;;;;;;;;;;;;;;;;;;;;;;;;;;;;;;;;RODOLFO.SALU                           ;;;
;;;;;;;;;;;;;;;;;;;;;;;;;;;;;;;;;;;;;;;;;;;;;;
;;;;;;;;;;;;;;;;;;;;;;;;;;;;;;;;;;;;;;;;;;;;;;
Data Pagamento: 01/04/2026;;;;;;;;;;;;;;;;;;;;;;;;;;;;;;;;;;;;;;;;;;;;;;
;;;;;;;;;;;;;;;;;;;;;;;;;;;;;;;;;;;;;;;;;;;;;;
;;;;;;;;CPF / CNPJ: 959.689.891-49;;;;;;;;;;;;;;;;;;;;;;;;;;;;;;;;;;;;;;
;;;;;;;;;;;;;;;;;;;;;;;;;;;;;;;;;;;;;;;;;;;;;;
;;;;;;;;;;;;;;;;;;;;;;;;;;;;;;;;;;;;;;;;;;;;;;
297290;;;31823-1;;01/04/2026;18384-WALDIR FRANCISCO;;;;300,000;;0,80000;;;240,00   ;;;;;240,00;;HSD-0899;SFMIU-S SUCATA DEFERRO (MIUDA);KG ;;R$ 0,00;;;0,0;0,00;;FORNECEDOR;;;ELETRÔNICA;;
;;;;;;;;;;;;;;;;;;;;;;;;;;;;;;;;;;;;;;;;;;;;;;
;;;;;;;;;;;;;;;;;;;;;;;;;;;;;;;;;;;;;;;;;;;RODOLFO.SALU                           ;;;
;;;;;;;;;;;;;;;;;;;;;;;;;;;;;;;;;;;;;;;;;;;;;;
;;;;;;;;;;;;;;;;;;;;;;;;;;;;;;;;;;;;;;;;;;;;;;
Data Pagamento: 01/04/2026;;;;;;;;;;;;;;;;;;;;;;;;;;;;;;;;;;;;;;;;;;;;;;
;;;;;;;;CPF / CNPJ: 337.612.131-15;;;;;;;;;;;;;;;;;;;;;;;;;;;;;;;;;;;;;;
;;;;;;;;;;;;;;;;;;;;;;;;;;;;;;;;;;;;;;;;;;;;;;
297293;;;;;01/04/2026;705-MARCIO FERNANDO MARTINS;;;;710,000;;0,65000;;;461,50   ;;;;;461,50;;AAS-4497;SFP-S SUCATA DEFERRO (GRAUDA);KG ;;R$ 0,00;;;0,0;0,00;;FORNECEDOR;;;ELETRÔNICA;;
;;;;;;;;;;;;;;;;;;;;;;;;;;;;;;;;;;;;;;;;;;;;;;
;;;;;;;;;;;;;;;;;;;;;;;;;;;;;;;;;;;;;;;;;;;JOHNNIS.SCHIAVON                       ;;;
;;;;;;;;;;;;;;;;;;;;;;;;;;;;;;;;;;;;;;;;;;;;;;
;;;;;;;;;;;;;;;;;;;;;;;;;;;;;;;;;;;;;;;;;;;;;;
;;;;;;;;;;;;;;;;;;;;;;;;;;;;;;;;;;;;;;;;;;;;;;
;;;;;;;;CPF / CNPJ: 900.952.009-91;;;;;;;;;;;;;;;;;;;;;;;;;;;;;;;;;;;;;;
;;;;;;;;;;;;;;;;;;;;;;;;;;;;;;;;;;;;;;;;;;;;;;
297292;;;31820-1;;01/04/2026;3655-SILAS LOPES DA SILVAMARQUES;;;;400,000;;1,00000;;;400,00   ;;;;;400,00;;QAF-9913;SFF-S SUCATA DEFERRO (FUNDIDOMISTA);KG ;;R$ 0,00;;;0,0;0,00;;FORNECEDOR;;;ELETRÔNICA;;
;;;;;;;;;;;;;;;;;;;;;;;;;;;;;;;;;;;;;;;;;;;;;;
;;;;;;;;;;;;;;;;;;;;;;;;;;;;;;;;;;;;;;;;;;;RODOLFO.SALU                           ;;;
;;;;;;;;;;;;;;;;;;;;;;;;;;;;;;;;;;;;;;;;;;;;;;
;;;;;;;;;;;;;;;;;;;;;;;;;;;;;;;;;;;;;;;;;;;;;;
Data Pagamento: 01/04/2026;;;;;;;;;;;;;;;;;;;;;;;;;;;;;;;;;;;;;;;;;;;;;;
;;;;;;;;;;;;;;;;;;;;;;;;;;;;;;;;;;;;;;;;;;;;;;
;;;;;;;;CPF / CNPJ: 800.679.481-20;;;;;;;;;;;;;;;;;;;;;;;;;;;;;;;;;;;;;;
;;;;;;;;;;;;;;;;;;;;;;;;;;;;;;;;;;;;;;;;;;;;;;
;;;;;;;;;;;;;;;;;;;;;;;;;;;;;;;;;;;;;;;;;;;;;;
297284;;;53546-1;;01/04/2026;10669-JOSE ROBERTO BORO;;;;1.060,000;;0,80000;;;848,00   ;;;;;848,00;;HRO-DH17;SFMIU-S SUCATA DEFERRO (MIUDA);KG ;;R$ 0,00;;;0,0;0,00;;FORNECEDOR;;;ELETRÔNICA;;
;;;;;;;;;;;;;;;;;;;;;;;;;;;;;;;;;;;;;;;;;;;;;;
;;;;;;;;;;;;;;;;;;;;;;;;;;;;;;;;;;;;;;;;;;;TIAGO LUIS DESOUZA                    ;;;
;;;;;;;;;;;;;;;;;;;;;;;;;;;;;;;;;;;;;;;;;;;;;;
;;;;;;;;;;;;;;;;;;;;;;;;;;;;;;;;;;;;;;;;;;;;;;
;;;;;;;;;;;;;;;;;;;;;;;;;;;;;;;;;;;;;;;;;;;;;;
;;;;;;;;CPF / CNPJ: 995.580.338-04;;;;;;;;;;;;;;;;;;;;;;;;;;;;;;;;;;;;;;
;;;;;;;;;;;;;;;;;;;;;;;;;;;;;;;;;;;;;;;;;;;;;;
297284;;;53546-1;;01/04/2026;10669-JOSE ROBERTO BORO;;;;1.520,000;;0,65000;;;988,00   ;;;;;988,00;;HRO-DH17;SFC-S SUCATA DEFERRO (CHAPARIA);KG ;;R$ 0,00;;;0,0;0,00;;FORNECEDOR;;;ELETRÔNICA;;
;;;;;;;;;;;;;;;;;;;;;;;;;;;;;;;;;;;;;;;;;;;;;;
;;;;;;;;;;;;;;;;;;;;;;;;;;;;;;;;;;;;;;;;;;;TIAGO LUIS DESOUZA                    ;;;
;;;;;;;;;;;;;;;;;;;;;;;;;;;;;;;;;;;;;;;;;;;;;;
;;;;;;;;;;;;;;;;;;;;;;;;;;;;;;;;;;;;;;;;;;;;;;
;;;;;;;;;;;;;;;;;;;;;;;;;;;;;;;;;;;;;;;;;;;;;;
;;;;;;;;CPF / CNPJ: 995.580.338-04;;;;;;;;;;;;;;;;;;;;;;;;;;;;;;;;;;;;;;
;;;;;;;;;;;;;;;;;;;;;;;;;;;;;;;;;;;;;;;;;;;;;;
297288;;;38806-1;;01/04/2026;6270-ACQUA GELATA IND. E COM.DE APA. DE REFRIG. LTDA;;;;580,000;;0,60000;;;348,00   ;;;;;348,00;;GPZ-5F48;SFE-S SUCATA DEFERRO (ESTAMPARIAMISTA);KG ;;R$ 0,00;;;0,0;0,00;;EMPRESA   ;;;ELETRÔNICA;;
;;;;;;;;;;;;;;;;;;;;;;;;;;;;;;;;;;;;;;;;;;;;;;
;;;;;;;;;;;;;;;;;;;;;;;;;;;;;;;;;;;;;;;;;;;VALTER VIERIA                          ;;;
;;;;;;;;;;;;;;;;;;;;;;;;;;;;;;;;;;;;;;;;;;;;;;
;;;;;;;;;;;;;;;;;;;;;;;;;;;;;;;;;;;;;;;;;;;;;;
;;;;;;;;;;;;;;;;;;;;;;;;;;;;;;;;;;;;;;;;;;;;;;
;;;;;;;;;;;;;;;;;;;;;;;;;;;;;;;;;;;;;;;;;;;;;;
;;;;;;;;CPF / CNPJ: 72.469.471/0001-54;;;;;;;;;;;;;;;;;;;;;;;;;;;;;;;;;;;;;;
;;;;;;;;;;;;;;;;;;;;;;;;;;;;;;;;;;;;;;;;;;;;;;
297295;;;;;01/04/2026;6228-MECANICA INDUSTRIALTORNOSTEEL LTDA;;;;9.090,000;;0,70000;;;6.363,00   ;;;;;6.363,00;;FBU-7329;SCF-S SUCATA DEFERRO (CAVACO);KG ;;R$ 0,00;;;0,0;0,00;;EMPRESA   ;;;ELETRÔNICA;;
;;;;;;;;;;;;;;;;;;;;;;;;;;;;;;;;;;;;;;;;;;;;;;
;;;;;;;;;;;;;;;;;;;;;;;;;;;;;;;;;;;;;;;;;;;VALTER VIERIA                          ;;;
;;;;;;;;;;;;;;;;;;;;;;;;;;;;;;;;;;;;;;;;;;;;;;
;;;;;;;;;;;;;;;;;;;;;;;;;;;;;;;;;;;;;;;;;;;;;;
;;;;;;;;;;;;;;;;;;;;;;;;;;;;;;;;;;;;;;;;;;;;;;
;;;;;;;;;;;;;;;;;;;;;;;;;;;;;;;;;;;;;;;;;;;;;;
;;;;;;;;CPF / CNPJ: 81.408.726/0001-60;;;;;;;;;;;;;;;;;;;;;;;;;;;;;;;;;;;;;;
;;;;;;;;;;;;;;;;;;;;;;;;;;;;;;;;;;;;;;;;;;;;;;
297286;;;31821-1;;01/04/2026;18383-RONALDO SABINO DEFIGUEIREDO;;;;100,000;;0,60000;;;60,00   ;;;;;60,00;;HTN-6266;SFC-S SUCATA DEFERRO (CHAPARIA);KG ;;R$ 0,00;;;0,0;0,00;;FORNECEDOR;;;ELETRÔNICA;;
;;;;;;;;;;;;;;;;;;;;;;;;;;;;;;;;;;;;;;;;;;;;;;
;;;;;;;;;;;;;;;;;;;;;;;;;;;;;;;;;;;;;;;;;;;RODOLFO.SALU                           ;;;
;;;;;;;;;;;;;;;;;;;;;;;;;;;;;;;;;;;;;;;;;;;;;;
;;;;;;;;;;;;;;;;;;;;;;;;;;;;;;;;;;;;;;;;;;;;;;
Data Pagamento: 01/04/2026;;;;;;;;;;;;;;;;;;;;;;;;;;;;;;;;;;;;;;;;;;;;;;
;;;;;;;;;;;;;;;;;;;;;;;;;;;;;;;;;;;;;;;;;;;;;;
;;;;;;;;CPF / CNPJ: 820.481.421-68;;;;;;;;;;;;;;;;;;;;;;;;;;;;;;;;;;;;;;
;;;;;;;;;;;;;;;;;;;;;;;;;;;;;;;;;;;;;;;;;;;;;;
;;;;;;;;;;;;;;;;;;;;;;;;;;;;;;;;;;;;;;;;;;;;;;
297286;;;31821-1;;01/04/2026;18383-RONALDO SABINO DEFIGUEIREDO;;;;360,000;;0,80000;;;288,00   ;;;;;288,00;;HTN-6266;SFMIU-S SUCATA DEFERRO (MIUDA);KG ;;R$ 0,00;;;0,0;0,00;;FORNECEDOR;;;ELETRÔNICA;;
;;;;;;;;;;;;;;;;;;;;;;;;;;;;;;;;;;;;;;;;;;;;;;
;;;;;;;;;;;;;;;;;;;;;;;;;;;;;;;;;;;;;;;;;;;RODOLFO.SALU                           ;;;
;;;;;;;;;;;;;;;;;;;;;;;;;;;;;;;;;;;;;;;;;;;;;;
;;;;;;;;;;;;;;;;;;;;;;;;;;;;;;;;;;;;;;;;;;;;;;
Data Pagamento: 01/04/2026;;;;;;;;;;;;;;;;;;;;;;;;;;;;;;;;;;;;;;;;;;;;;;
;;;;;;;;;;;;;;;;;;;;;;;;;;;;;;;;;;;;;;;;;;;;;;
;;;;;;;;CPF / CNPJ: 820.481.421-68;;;;;;;;;;;;;;;;;;;;;;;;;;;;;;;;;;;;;;
;;;;;;;;;;;;;;;;;;;;;;;;;;;;;;;;;;;;;;;;;;;;;;
;;;;;;;;;;;;;;;;;;;;;;;;;;;;;;;;;;;;;;;;;;;;;;
297289;;;38812-1;;01/04/2026;6407-VANDERLEI GONCALVES DEABREU;;;;310,000;;0,55000;;;170,50   ;;;;;170,50;;CEG-2I65;SCF-S SUCATA DEFERRO (CAVACO);KG ;;R$ 0,00;;;0,0;0,00;;FORNECEDOR;;;ELETRÔNICA;;
;;;;;;;;;;;;;;;;;;;;;;;;;;;;;;;;;;;;;;;;;;;;;;
;;;;;;;;;;;;;;;;;;;;;;;;;;;;;;;;;;;;;;;;;;;VALTER VIERIA                          ;;;
;;;;;;;;;;;;;;;;;;;;;;;;;;;;;;;;;;;;;;;;;;;;;;
;;;;;;;;;;;;;;;;;;;;;;;;;;;;;;;;;;;;;;;;;;;;;;
;;;;;;;;;;;;;;;;;;;;;;;;;;;;;;;;;;;;;;;;;;;;;;
;;;;;;;;;;;;;;;;;;;;;;;;;;;;;;;;;;;;;;;;;;;;;;
;;;;;;;;CPF / CNPJ: 030.603.189-21;;;;;;;;;;;;;;;;;;;;;;;;;;;;;;;;;;;;;;
;;;;;;;;;;;;;;;;;;;;;;;;;;;;;;;;;;;;;;;;;;;;;;
297294;;;38810-1;;01/04/2026;5490-HERACLITO DE LIMA;;;;260,000;;0,65000;;;169,00   ;;;;;169,00;;CRT-8347;SFC-S SUCATA DEFERRO (CHAPARIA);KG ;;R$ 0,00;;;0,0;0,00;;FORNECEDOR;;;ELETRÔNICA;;
;;;;;;;;;;;;;;;;;;;;;;;;;;;;;;;;;;;;;;;;;;;;;;
;;;;;;;;;;;;;;;;;;;;;;;;;;;;;;;;;;;;;;;;;;;VALTER VIERIA                          ;;;
;;;;;;;;;;;;;;;;;;;;;;;;;;;;;;;;;;;;;;;;;;;;;;
;;;;;;;;;;;;;;;;;;;;;;;;;;;;;;;;;;;;;;;;;;;;;;
;;;;;;;;;;;;;;;;;;;;;;;;;;;;;;;;;;;;;;;;;;;;;;
;;;;;;;;CPF / CNPJ: 698.285.635-68;;;;;;;;;;;;;;;;;;;;;;;;;;;;;;;;;;;;;;
;;;;;;;;;;;;;;;;;;;;;;;;;;;;;;;;;;;;;;;;;;;;;;

www.sygecom.com.br - relatorios\sagi_rel_sem_agrupa_bol_placa_prod_bol_prod_20.fr3;;;;;;;;;;;;;;;;;;;;;;;;;;;;
Boleto;;;Nota Fiscal;;Data;Fornecedor;;;;;Quantidade;;;Preço;;;;R$ Total;Total c/ ICMSl;;;;;Placa;Produto;UN;;Valor IPI R$;;;;;Desconto;;Desconto R$;;;;Frete;;;Pesagem;;;Classificador;;;
;;;;;;;;;;;;;;;;;;;;;;;;;;;;;;;;;;;;;;;;;
297292;;;31820-1;;01/04/2026;;3655-SILAS LOPES DA SILVAMARQUES;;;;220,000;;0,80000;;;176,00   ;;;;;176,00;;;QAF-9913;SFMIU-S SUCATA DEFERRO (MIUDA);;KG ;;;R$ 0,00;;;0,0;0,00;;;;FORNECEDOR;;;ELETRÔNICA;;;;;;
;;;;;;;;;;;;;;;;;;;;;;;;;;;;;;;;;;;;;;;;;;;;;;
;;;;;;;;;;;;;;;;;;;;;;;;;;;;;;;;;;;;;;;;;;;RODOLFO.SALU                           ;;;
;;;;;;;;;;;;;;;;;;;;;;;;;;;;;;;;;;;;;;;;;;;;;;
;;;;;;;;;;;;;;;;;;;;;;;;;;;;;;;;;;;;;;;;;;;;;;
Data Pagamento: 01/04/2026;;;;;;;;;;;;;;;;;;;;;;;;;;;;;;;;;;;;;;;;;;;;;;
;;;;;;;;;;;;;;;;;;;;;;;;;;;;;;;;;;;;;;;;;;;;;;
;;;;;;;;CPF / CNPJ: 800.679.481-20;;;;;;;;;;;;;;;;;;;;;;;;;;;;;;;;;;;;;;
;;;;;;;;;;;;;;;;;;;;;;;;;;;;;;;;;;;;;;;;;;;;;;
;;;;;;;;;;;;;;;;;;;;;;;;;;;;;;;;;;;;;;;;;;;;;;
297296;;;38811-1;;01/04/2026;6226-ROGERIO APARECIDO DOSSANTOS;;;;490,000;;0,65000;;;318,50   ;;;;;318,50;;AJJ-6919;SFC-S SUCATA DEFERRO (CHAPARIA);KG ;;R$ 0,00;;;0,0;0,00;;FORNECEDOR;;;ELETRÔNICA;;
;;;;;;;;;;;;;;;;;;;;;;;;;;;;;;;;;;;;;;;;;;;;;;
;;;;;;;;;;;;;;;;;;;;;;;;;;;;;;;;;;;;;;;;;;;VALTER VIERIA                          ;;;
;;;;;;;;;;;;;;;;;;;;;;;;;;;;;;;;;;;;;;;;;;;;;;
;;;;;;;;;;;;;;;;;;;;;;;;;;;;;;;;;;;;;;;;;;;;;;
;;;;;;;;;;;;;;;;;;;;;;;;;;;;;;;;;;;;;;;;;;;;;;
;;;;;;;;;;;;;;;;;;;;;;;;;;;;;;;;;;;;;;;;;;;;;;
;;;;;;;;CPF / CNPJ: 050.485.969-27;;;;;;;;;;;;;;;;;;;;;;;;;;;;;;;;;;;;;;
;;;;;;;;;;;;;;;;;;;;;;;;;;;;;;;;;;;;;;;;;;;;;;
297298;;;;;01/04/2026;5630-ROSSE E ROSSE LTDA;;;;2.190,000;;0,55000;;;1.204,50   ;;;;;1.204,50;;MQU-3360;SCF-S SUCATA DEFERRO (CAVACO);KG ;;R$ 0,00;;;0,0;0,00;;FORNECEDOR;;;ELETRÔNICA;;
;;;;;;;;;;;;;;;;;;;;;;;;;;;;;;;;;;;;;;;;;;;;;;
;;;;;;;;;;;;;;;;;;;;;;;;;;;;;;;;;;;;;;;;;;;VALTER VIERIA                          ;;;
;;;;;;;;;;;;;;;;;;;;;;;;;;;;;;;;;;;;;;;;;;;;;;
;;;;;;;;;;;;;;;;;;;;;;;;;;;;;;;;;;;;;;;;;;;;;;
;;;;;;;;;;;;;;;;;;;;;;;;;;;;;;;;;;;;;;;;;;;;;;
;;;;;;;;CPF / CNPJ: 80.040.892/0001-93;;;;;;;;;;;;;;;;;;;;;;;;;;;;;;;;;;;;;;
;;;;;;;;;;;;;;;;;;;;;;;;;;;;;;;;;;;;;;;;;;;;;;
297299;;;38813-1;;01/04/2026;5340-JOSE MODESTO DA SILVA;;;;220,000;;0,65000;;;143,00   ;;;;;143,00;;AGH-3J19;SFC-S SUCATA DEFERRO (CHAPARIA);KG ;;R$ 0,00;;;0,0;0,00;;FORNECEDOR;;;ELETRÔNICA;;
;;;;;;;;;;;;;;;;;;;;;;;;;;;;;;;;;;;;;;;;;;;;;;
;;;;;;;;;;;;;;;;;;;;;;;;;;;;;;;;;;;;;;;;;;;VALTER VIERIA                          ;;;
;;;;;;;;;;;;;;;;;;;;;;;;;;;;;;;;;;;;;;;;;;;;;;
;;;;;;;;;;;;;;;;;;;;;;;;;;;;;;;;;;;;;;;;;;;;;;
;;;;;;;;;;;;;;;;;;;;;;;;;;;;;;;;;;;;;;;;;;;;;;
;;;;;;;;CPF / CNPJ: 325.654.029-53;;;;;;;;;;;;;;;;;;;;;;;;;;;;;;;;;;;;;;
;;;;;;;;;;;;;;;;;;;;;;;;;;;;;;;;;;;;;;;;;;;;;;
297297;;;65438-1;;01/04/2026;6-LINDOR LEPREVOST KNUPP;;;;430,000;;0,65000;;;279,50   ;;;;;279,50;;BGR-1600;SFC-S SUCATA DEFERRO (CHAPARIA);KG ;;R$ 0,00;;;0,0;0,00;;FORNECEDOR;;;ELETRÔNICA;;
;;;;;;;;;;;;;;;;;;;;;;;;;;;;;;;;;;;;;;;;;;;;;;
;;;;;;;;;;;;;;;;;;;;;;;;;;;;;;;;;;;;;;;;;;;MAURICIO                               ;;;
;;;;;;;;;;;;;;;;;;;;;;;;;;;;;;;;;;;;;;;;;;;;;;
;;;;;;;;;;;;;;;;;;;;;;;;;;;;;;;;;;;;;;;;;;;;;;
;;;;;;;;;;;;;;;;;;;;;;;;;;;;;;;;;;;;;;;;;;;;;;
;;;;;;;;CPF / CNPJ: 085.334.888-07;;;;;;;;;;;;;;;;;;;;;;;;;;;;;;;;;;;;;;
;;;;;;;;;;;;;;;;;;;;;;;;;;;;;;;;;;;;;;;;;;;;;;
297303;;;53549-1;;01/04/2026;16318-MATEUS JOSE BARBOSA;;;;720,000;;0,65000;;;468,00   ;;;;;468,00;;BLC-8716;SFC-S SUCATA DEFERRO (CHAPARIA);KG ;;R$ 0,00;;;0,0;0,00;;FORNECEDOR;;;ELETRÔNICA;;
;;;;;;;;;;;;;;;;;;;;;;;;;;;;;;;;;;;;;;;;;;;;;;
;;;;;;;;;;;;;;;;;;;;;;;;;;;;;;;;;;;;;;;;;;;TIAGO LUIS DESOUZA                    ;;;
;;;;;;;;;;;;;;;;;;;;;;;;;;;;;;;;;;;;;;;;;;;;;;
;;;;;;;;;;;;;;;;;;;;;;;;;;;;;;;;;;;;;;;;;;;;;;
;;;;;;;;;;;;;;;;;;;;;;;;;;;;;;;;;;;;;;;;;;;;;;
;;;;;;;;CPF / CNPJ: 801.270.759-41;;;;;;;;;;;;;;;;;;;;;;;;;;;;;;;;;;;;;;
;;;;;;;;;;;;;;;;;;;;;;;;;;;;;;;;;;;;;;;;;;;;;;
297305;;;;;01/04/2026;10150-JORGE FRANCISCO DASILVA;;;;2.340,000;;0,80000;;;1.872,00   ;;;;;1.872,00;;DQS-8558;SFMIU-S SUCATA DEFERRO (MIUDA);KG ;;R$ 0,00;;;0,0;0,00;;FORNECEDOR;;;ELETRÔNICA;;
;;;;;;;;;;;;;;;;;;;;;;;;;;;;;;;;;;;;;;;;;;;;;;
;;;;;;;;;;;;;;;;;;;;;;;;;;;;;;;;;;;;;;;;;;;LUIZGUILHERME                         ;;;
;;;;;;;;;;;;;;;;;;;;;;;;;;;;;;;;;;;;;;;;;;;;;;
;;;;;;;;;;;;;;;;;;;;;;;;;;;;;;;;;;;;;;;;;;;;;;
;;;;;;;;;;;;;;;;;;;;;;;;;;;;;;;;;;;;;;;;;;;;;;
;;;;;;;;;;;;;;;;;;;;;;;;;;;;;;;;;;;;;;;;;;;;;;
;;;;;;;;CPF / CNPJ: 996.607.411-20;;;;;;;;;;;;;;;;;;;;;;;;;;;;;;;;;;;;;;
;;;;;;;;;;;;;;;;;;;;;;;;;;;;;;;;;;;;;;;;;;;;;;
297291;;;38814-1;;01/04/2026;5760-JEFFERSON JUSTINO TELLESFERREIRA;;;;250,000;;0,55000;;;137,50   ;;;;;137,50;;AIJ-9H38;SCF-S SUCATA DEFERRO (CAVACO);KG ;;R$ 0,00;;;0,0;0,00;;FORNECEDOR;;;ELETRÔNICA;;
;;;;;;;;;;;;;;;;;;;;;;;;;;;;;;;;;;;;;;;;;;;;;;
;;;;;;;;;;;;;;;;;;;;;;;;;;;;;;;;;;;;;;;;;;;VALTER VIERIA                          ;;;
;;;;;;;;;;;;;;;;;;;;;;;;;;;;;;;;;;;;;;;;;;;;;;
;;;;;;;;;;;;;;;;;;;;;;;;;;;;;;;;;;;;;;;;;;;;;;
;;;;;;;;;;;;;;;;;;;;;;;;;;;;;;;;;;;;;;;;;;;;;;
;;;;;;;;;;;;;;;;;;;;;;;;;;;;;;;;;;;;;;;;;;;;;;
;;;;;;;;CPF / CNPJ: 057.029.839-39;;;;;;;;;;;;;;;;;;;;;;;;;;;;;;;;;;;;;;
;;;;;;;;;;;;;;;;;;;;;;;;;;;;;;;;;;;;;;;;;;;;;;
297300;;;65439-1;;01/04/2026;3048-LUCAS MAGIOLO CREPALDI;;;;11.680,000;;1,05000;;;12.264,00   ;;;;;12.264,00;;BZG-6A91;SFMIU-S SUCATA DEFERRO (MIUDA);KG ;;R$ 0,00;;;0,0;0,00;;EMPRESA   ;;;ELETRÔNICA;;
;;;;;;;;;;;;;;;;;;;;;;;;;;;;;;;;;;;;;;;;;;;;;;
;;;;;;;;;;;;;;;;;;;;;;;;;;;;;;;;;;;;;;;;;;;MAURICIO                               ;;;
;;;;;;;;;;;;;;;;;;;;;;;;;;;;;;;;;;;;;;;;;;;;;;
;;;;;;;;;;;;;;;;;;;;;;;;;;;;;;;;;;;;;;;;;;;;;;
;;;;;;;;;;;;;;;;;;;;;;;;;;;;;;;;;;;;;;;;;;;;;;
;;;;;;;;CPF / CNPJ: 438.412.718-98;;;;;;;;;;;;;;;;;;;;;;;;;;;;;;;;;;;;;;
;;;;;;;;;;;;;;;;;;;;;;;;;;;;;;;;;;;;;;;;;;;;;;
297304;;;1024-1;;01/04/2026;15775-GENARO G SANTANA E CIALTDA;;;;15.160,000;;0,90000;;;13.644,00   ;;;;;13.644,00;;AWV-7A10;SFMIU-S SUCATA DEFERRO (MIUDA);KG ;;R$ 0,00;;;100,0;90,00;;FORNECEDOR;;;ELETRÔNICA;;
;;;;;;;;;;;;;;;;;;;;;;;;;;;;;;;;;;;;;;;;;;;;;;
;;;;;;;;;;;;;;;;;;;;;;;;;;;;;;;;;;;;;;;;;;;TIAGO LUIS DESOUZA                    ;;;
;;;;;;;;;;;;;;;;;;;;;;;;;;;;;;;;;;;;;;;;;;;;;;
;;;;;;;;;;;;;;;;;;;;;;;;;;;;;;;;;;;;;;;;;;;;;;
;;;;;;;;;;;;;;;;;;;;;;;;;;;;;;;;;;;;;;;;;;;;;;
;;;;;;;;;;;;;;;;;;;;;;;;;;;;;;;;;;;;;;;;;;;;;;
;;;;;;;;CPF / CNPJ: 79.733.655/0001-29;;;;;;;;;;;;;;;;;;;;;;;;;;;;;;;;;;;;;;
;;;;;;;;;;;;;;;;;;;;;;;;;;;;;;;;;;;;;;;;;;;;;;
297306;;;;;01/04/2026;3101-BUNGE ALIMENTOS SA;;;;4.610,000;;0,60000;;;2.766,00   ;;;;;2.766,00;;TKI-2E74;SFC-S SUCATA DEFERRO (CHAPARIA);KG ;;R$ 0,00;;;150,0;90,00;;EMPRESA   ;;;ELETRÔNICA;;
;;;;;;;;;;;;;;;;;;;;;;;;;;;;;;;;;;;;;;;;;;;;;;
;;;;;;;;;;;;;;;;;;;;;;;;;;;;;;;;;;;;;;;;;;;RODOLFO.SALU                           ;;;
;;;;;;;;;;;;;;;;;;;;;;;;;;;;;;;;;;;;;;;;;;;;;;
;;;;;;;;;;;;;;;;;;;;;;;;;;;;;;;;;;;;;;;;;;;;;;
;;;;;;;;;;;;;;;;;;;;;;;;;;;;;;;;;;;;;;;;;;;;;;
;;;;;;;;CPF / CNPJ: 84.046.101/0019-12;;;;;;;;;;;;;;;;;;;;;;;;;;;;;;;;;;;;;;
;;;;;;;;;;;;;;;;;;;;;;;;;;;;;;;;;;;;;;;;;;;;;;
297307;;;31824-1;;01/04/2026;3151-LUIZ CARLOS CARDOSO DASILVA;;;;300,000;;0,60000;;;180,00   ;;;;;180,00;;HTF-0255;SFC-S SUCATA DEFERRO (CHAPARIA);KG ;;R$ 0,00;;;0,0;0,00;;FORNECEDOR;;;ELETRÔNICA;;
;;;;;;;;;;;;;;;;;;;;;;;;;;;;;;;;;;;;;;;;;;;;;;
;;;;;;;;;;;;;;;;;;;;;;;;;;;;;;;;;;;;;;;;;;;RODOLFO.SALU                           ;;;
;;;;;;;;;;;;;;;;;;;;;;;;;;;;;;;;;;;;;;;;;;;;;;
;;;;;;;;;;;;;;;;;;;;;;;;;;;;;;;;;;;;;;;;;;;;;;
;;;;;;;;;;;;;;;;;;;;;;;;;;;;;;;;;;;;;;;;;;;;;;
;;;;;;;;;;;;;;;;;;;;;;;;;;;;;;;;;;;;;;;;;;;;;;
;;;;;;;;CPF / CNPJ: 731.577.911-68;;;;;;;;;;;;;;;;;;;;;;;;;;;;;;;;;;;;;;
;;;;;;;;;;;;;;;;;;;;;;;;;;;;;;;;;;;;;;;;;;;;;;
297301;;;53550-1;;01/04/2026;4593-DELACIR ONOFRE DA SILVA;;;;60,000;;0,65000;;;39,00   ;;;;;39,00;;BRM-4754;SFC-S SUCATA DEFERRO (CHAPARIA);KG ;;R$ 0,00;;;0,0;0,00;;FORNECEDOR;;;ELETRÔNICA;;
;;;;;;;;;;;;;;;;;;;;;;;;;;;;;;;;;;;;;;;;;;;;;;
;;;;;;;;;;;;;;;;;;;;;;;;;;;;;;;;;;;;;;;;;;;TIAGO LUIS DESOUZA                    ;;;
;;;;;;;;;;;;;;;;;;;;;;;;;;;;;;;;;;;;;;;;;;;;;;
;;;;;;;;;;;;;;;;;;;;;;;;;;;;;;;;;;;;;;;;;;;;;;
;;;;;;;;;;;;;;;;;;;;;;;;;;;;;;;;;;;;;;;;;;;;;;
;;;;;;;;CPF / CNPJ: 563.821.899-87;;;;;;;;;;;;;;;;;;;;;;;;;;;;;;;;;;;;;;
;;;;;;;;;;;;;;;;;;;;;;;;;;;;;;;;;;;;;;;;;;;;;;
297301;;;53550-1;;01/04/2026;4593-DELACIR ONOFRE DA SILVA;;;;120,000;;0,80000;;;96,00   ;;;;;96,00;;BRM-4754;SFMIU-S SUCATA DEFERRO (MIUDA);KG ;;R$ 0,00;;;0,0;0,00;;FORNECEDOR;;;ELETRÔNICA;;
;;;;;;;;;;;;;;;;;;;;;;;;;;;;;;;;;;;;;;;;;;;;;;
;;;;;;;;;;;;;;;;;;;;;;;;;;;;;;;;;;;;;;;;;;;TIAGO LUIS DESOUZA                    ;;;
;;;;;;;;;;;;;;;;;;;;;;;;;;;;;;;;;;;;;;;;;;;;;;
;;;;;;;;;;;;;;;;;;;;;;;;;;;;;;;;;;;;;;;;;;;;;;
;;;;;;;;;;;;;;;;;;;;;;;;;;;;;;;;;;;;;;;;;;;;;;
;;;;;;;;CPF / CNPJ: 563.821.899-87;;;;;;;;;;;;;;;;;;;;;;;;;;;;;;;;;;;;;;
;;;;;;;;;;;;;;;;;;;;;;;;;;;;;;;;;;;;;;;;;;;;;;

www.sygecom.com.br - relatorios\sagi_rel_sem_agrupa_bol_placa_prod_bol_prod_20.fr3;;;;;;;;;;;;;;;;;;;;;;;;;;;;
Boleto;;;;Nota Fiscal;;;;Data;;Fornecedor;;;;;;;Quantidade;;;Preço;;;;;;;;R$ Total;Total c/ ICMSl;;;;;;Placa;Produto;UN;;Valor IPI R$;;;;;;;;;Desconto;;Desconto R$;;;;Frete;;;;;Pesagem;;;Classificador;;;;
;;;;;;;;;;;;;;;;;;;;;;;;;;;;;;;;;;;;;;;;;;;;;;;;;;;;;;;;;;;
297291;;;;38814-1;;;;01/04/2026;;;5760-JEFFERSON JUSTINO TELLESFERREIRA;;;;;;210,000;;0,80000;;;;;;;168,00   ;;;;;168,00;;;;AIJ-9H38;SFMIU-S SUCATA DEFERRO (MIUDA);;KG ;;;R$ 0,00;;;;;;;0,0;0,00;;;;FORNECEDOR;;;;;ELETRÔNICA;;;;;;;
;;;;;;;;;;;;;;;;;;;;;;;;;;;;;;;;;;;;;;;;;;;;;;;;;;;;;;;;;;;;;;;;
;;;;;;;;;;;;;;;;;;;;;;;;;;;;;;;;;;;;;;;;;;;;;;;;;;;;;;;;;;;;VALTER VIERIA                          ;;;;
;;;;;;;;;;;;;;;;;;;;;;;;;;;;;;;;;;;;;;;;;;;;;;;;;;;;;;;;;;;;;;;;
;;;;;;;;;;;;;;;;;;;;;;;;;;;;;;;;;;;;;;;;;;;;;;;;;;;;;;;;;;;;;;;;
;;;;;;;;;;;;;;;;;;;;;;;;;;;;;;;;;;;;;;;;;;;;;;;;;;;;;;;;;;;;;;;;
;;;;;;;;;;;;;;;;;;;;;;;;;;;;;;;;;;;;;;;;;;;;;;;;;;;;;;;;;;;;;;;;
;;;;;;;;;;;;CPF / CNPJ: 057.029.839-39;;;;;;;;;;;;;;;;;;;;;;;;;;;;;;;;;;;;;;;;;;;;;;;;;;;;
;;;;;;;;;;;;;;;;;;;;;;;;;;;;;;;;;;;;;;;;;;;;;;;;;;;;;;;;;;;;;;;;
297309;;;;;;;;01/04/2026;;16654-LUCIANO PEREIRA DOSSANTOS;;;;;;60,000;;0,60000;;;;;;;36,00   ;;;;;36,00;;;HRH-7493;SFC-S SUCATA DEFERRO (CHAPARIA);KG ;;R$ 0,00;;;;;;;0,0;0,00;;FORNECEDOR;;;;;ELETRÔNICA;;
;;;;;;;;;;;;;;;;;;;;;;;;;;;;;;;;;;;;;;;;;;;;;;;;;;;;;;;;;;;;;;;;
;;;;;;;;;;;;;;;;;;;;;;;;;;;;;;;;;;;;;;;;;;;;;;;;;;;;;;;;;;;;RODOLFO.SALU                           ;;;;
;;;;;;;;;;;;;;;;;;;;;;;;;;;;;;;;;;;;;;;;;;;;;;;;;;;;;;;;;;;;;;;;
;;;;;;;;;;;;;;;;;;;;;;;;;;;;;;;;;;;;;;;;;;;;;;;;;;;;;;;;;;;;;;;;
;;;;;;;;;;;;;;;;;;;;;;;;;;;;;;;;;;;;;;;;;;;;;;;;;;;;;;;;;;;;;;;;
;;;;;;;;;;;;;;;;;;;;;;;;;;;;;;;;;;;;;;;;;;;;;;;;;;;;;;;;;;;;;;;;
;;;;;;;;;;;;CPF / CNPJ: 060.228.165-21;;;;;;;;;;;;;;;;;;;;;;;;;;;;;;;;;;;;;;;;;;;;;;;;;;;;
;;;;;;;;;;;;;;;;;;;;;;;;;;;;;;;;;;;;;;;;;;;;;;;;;;;;;;;;;;;;;;;;
297310;;;;38815-1;;;;01/04/2026;;6338-CARLOS DE SOUZA;;;;;;490,000;;0,65000;;;;;;;318,50   ;;;;;318,50;;;CKJ-7157;SFC-S SUCATA DEFERRO (CHAPARIA);KG ;;R$ 0,00;;;;;;;0,0;0,00;;FORNECEDOR;;;;;ELETRÔNICA;;
;;;;;;;;;;;;;;;;;;;;;;;;;;;;;;;;;;;;;;;;;;;;;;;;;;;;;;;;;;;;;;;;
;;;;;;;;;;;;;;;;;;;;;;;;;;;;;;;;;;;;;;;;;;;;;;;;;;;;;;;;;;;;VALTER VIERIA                          ;;;;
;;;;;;;;;;;;;;;;;;;;;;;;;;;;;;;;;;;;;;;;;;;;;;;;;;;;;;;;;;;;;;;;
;;;;;;;;;;;;;;;;;;;;;;;;;;;;;;;;;;;;;;;;;;;;;;;;;;;;;;;;;;;;;;;;
;;;;;;;;;;;;;;;;;;;;;;;;;;;;;;;;;;;;;;;;;;;;;;;;;;;;;;;;;;;;;;;;
;;;;;;;;;;;;CPF / CNPJ: 045.004.439-40;;;;;;;;;;;;;;;;;;;;;;;;;;;;;;;;;;;;;;;;;;;;;;;;;;;;
;;;;;;;;;;;;;;;;;;;;;;;;;;;;;;;;;;;;;;;;;;;;;;;;;;;;;;;;;;;;;;;;
297312;;;;19872-2;;;;01/04/2026;;11683-EDISON LANDIN GOMES;;;;;;840,000;;0,60000;;;;;;;504,00   ;;;;;504,00;;;MQG-0120;SFC-S SUCATA DEFERRO (CHAPARIA);KG ;;R$ 0,00;;;;;;;0,0;0,00;;FORNECEDOR;;;;;ELETRÔNICA;;
;;;;;;;;;;;;;;;;;;;;;;;;;;;;;;;;;;;;;;;;;;;;;;;;;;;;;;;;;;;;;;;;
;;;;;;;;;;;;;;;;;;;;;;;;;;;;;;;;;;;;;;;;;;;;;;;;;;;;;;;;;;;;LUIZGUILHERME                         ;;;;
;;;;;;;;;;;;;;;;;;;;;;;;;;;;;;;;;;;;;;;;;;;;;;;;;;;;;;;;;;;;;;;;
;;;;;;;;;;;;;;;;;;;;;;;;;;;;;;;;;;;;;;;;;;;;;;;;;;;;;;;;;;;;;;;;
;;;;;;;;;;;;;;;;;;;;;;;;;;;;;;;;;;;;;;;;;;;;;;;;;;;;;;;;;;;;;;;;
;;;;;;;;;;;;CPF / CNPJ: 738.966.401-00;;;;;;;;;;;;;;;;;;;;;;;;;;;;;;;;;;;;;;;;;;;;;;;;;;;;
;;;;;;;;;;;;;;;;;;;;;;;;;;;;;;;;;;;;;;;;;;;;;;;;;;;;;;;;;;;;;;;;
297313;;;;;;;;01/04/2026;;14440-AGOSTINHO DA CUNHAFRANCA;;;;;;280,000;;0,65000;;;;;;;182,00   ;;;;;182,00;;;AIF-3347;SFC-S SUCATA DEFERRO (CHAPARIA);KG ;;R$ 0,00;;;;;;;0,0;0,00;;FORNECEDOR;;;;;ELETRÔNICA;;
;;;;;;;;;;;;;;;;;;;;;;;;;;;;;;;;;;;;;;;;;;;;;;;;;;;;;;;;;;;;;;;;
;;;;;;;;;;;;;;;;;;;;;;;;;;;;;;;;;;;;;;;;;;;;;;;;;;;;;;;;;;;;VALTER VIERIA                          ;;;;
;;;;;;;;;;;;;;;;;;;;;;;;;;;;;;;;;;;;;;;;;;;;;;;;;;;;;;;;;;;;;;;;
;;;;;;;;;;;;;;;;;;;;;;;;;;;;;;;;;;;;;;;;;;;;;;;;;;;;;;;;;;;;;;;;
;;;;;;;;;;;;;;;;;;;;;;;;;;;;;;;;;;;;;;;;;;;;;;;;;;;;;;;;;;;;;;;;
;;;;;;;;;;;;;;;;;;;;;;;;;;;;;;;;;;;;;;;;;;;;;;;;;;;;;;;;;;;;;;;;
;;;;;;;;;;;;CPF / CNPJ: 734.119.579-72;;;;;;;;;;;;;;;;;;;;;;;;;;;;;;;;;;;;;;;;;;;;;;;;;;;;
;;;;;;;;;;;;;;;;;;;;;;;;;;;;;;;;;;;;;;;;;;;;;;;;;;;;;;;;;;;;;;;;
297314;;;;;;;;01/04/2026;;4231-JOSEIR RODRIGUES DA SILVA;;;;;;1.960,000;;0,80000;;;;;;;1.568,00   ;;;;;1.568,00;;;DXG-9467;SFMIU-S SUCATA DEFERRO (MIUDA);KG ;;R$ 0,00;;;;;;;0,0;0,00;;FORNECEDOR;;;;;ELETRÔNICA;;
;;;;;;;;;;;;;;;;;;;;;;;;;;;;;;;;;;;;;;;;;;;;;;;;;;;;;;;;;;;;;;;;
;;;;;;;;;;;;;;;;;;;;;;;;;;;;;;;;;;;;;;;;;;;;;;;;;;;;;;;;;;;;RODOLFO.SALU                           ;;;;
;;;;;;;;;;;;;;;;;;;;;;;;;;;;;;;;;;;;;;;;;;;;;;;;;;;;;;;;;;;;;;;;
;;;;;;;;;;;;;;;;;;;;;;;;;;;;;;;;;;;;;;;;;;;;;;;;;;;;;;;;;;;;;;;;
;;;;;;;;;;;;;;;;;;;;;;;;;;;;;;;;;;;;;;;;;;;;;;;;;;;;;;;;;;;;;;;;
;;;;;;;;;;;;CPF / CNPJ: 810.461.201-82;;;;;;;;;;;;;;;;;;;;;;;;;;;;;;;;;;;;;;;;;;;;;;;;;;;;
;;;;;;;;;;;;;;;;;;;;;;;;;;;;;;;;;;;;;;;;;;;;;;;;;;;;;;;;;;;;;;;;
297311;;;;;;;;01/04/2026;;6228-MECANICA INDUSTRIALTORNOSTEEL LTDA;;;;;;13.120,000;;1,10000;;;;;;;14.432,00   ;;;;;14.432,00;;;FBU-7329;PANT-S SUCATAPANTOGRAFICA;KG ;;R$ 0,00;;;;;;;0,0;0,00;;EMPRESA   ;;;;;ELETRÔNICA;;
;;;;;;;;;;;;;;;;;;;;;;;;;;;;;;;;;;;;;;;;;;;;;;;;;;;;;;;;;;;;;;;;
;;;;;;;;;;;;;;;;;;;;;;;;;;;;;;;;;;;;;;;;;;;;;;;;;;;;;;;;;;;;VALTER VIERIA                          ;;;;
;;;;;;;;;;;;;;;;;;;;;;;;;;;;;;;;;;;;;;;;;;;;;;;;;;;;;;;;;;;;;;;;
;;;;;;;;;;;;;;;;;;;;;;;;;;;;;;;;;;;;;;;;;;;;;;;;;;;;;;;;;;;;;;;;
;;;;;;;;;;;;;;;;;;;;;;;;;;;;;;;;;;;;;;;;;;;;;;;;;;;;;;;;;;;;;;;;
;;;;;;;;;;;;;;;;;;;;;;;;;;;;;;;;;;;;;;;;;;;;;;;;;;;;;;;;;;;;;;;;
;;;;;;;;;;;;CPF / CNPJ: 81.408.726/0001-60;;;;;;;;;;;;;;;;;;;;;;;;;;;;;;;;;;;;;;;;;;;;;;;;;;;;
;;;;;;;;;;;;;;;;;;;;;;;;;;;;;;;;;;;;;;;;;;;;;;;;;;;;;;;;;;;;;;;;
297221;;;;3102-1;;;;01/04/2026;;6321-FARIA E FARIA LTDA  EPP;;;;;;6.480,000;;0,70000;;;;;;;4.536,00   ;;;;;4.536,00;;;EWU-6A88;SFC-S SUCATA DEFERRO (CHAPARIA);KG ;;R$ 0,00;;;;;;;0,0;0,00;;FORNECEDOR;;;;;ELETRÔNICA;;
;;;;;;;;;;;;;;;;;;;;;;;;;;;;;;;;;;;;;;;;;;;;;;;;;;;;;;;;;;;;;;;;
;;;;;;;;;;;;;;;;;;;;;;;;;;;;;;;;;;;;;;;;;;;;;;;;;;;;;;;;;;;;TIAGO LUIS DESOUZA                    ;;;;
;;;;;;;;;;;;;;;;;;;;;;;;;;;;;;;;;;;;;;;;;;;;;;;;;;;;;;;;;;;;;;;;
;;;;;;;;;;;;;;;;;;;;;;;;;;;;;;;;;;;;;;;;;;;;;;;;;;;;;;;;;;;;;;;;
Data Pagamento: 01/04/2026;;;;;;;;;;;;;;;;;;;;;;;;;;;;;;;;;;;;;;;;;;;;;;;;;;;;;;;;;;;;;;;;
;;;;;;;;;;;;CPF / CNPJ: 72.471.675/0001-20;;;;;;;;;;;;;;;;;;;;;;;;;;;;;;;;;;;;;;;;;;;;;;;;;;;;
;;;;;;;;;;;;;;;;;;;;;;;;;;;;;;;;;;;;;;;;;;;;;;;;;;;;;;;;;;;;;;;;

Quantidades Comprada;;;;;;;;;;;;;;;;;;;;;Valores Comprado;;;;;;;;;;;;;;;;;;;Total menos ICMS:;;;;;;;;;;187.114,00   ;;;;;;
;;;;;;;;;;;;;;;;;;;;;;;;;;;;;;;;;;;;;;;;;;;Total ICMS:;;;;;;;;;;0,00   ;;;;;;
;;;;;;;;;;;;;;;;;;;;
Total Bruto:;;;;;;;;;253.520,000;;;;;;;;;;;;;Total Bruto:;;;;;;;187.331,00;;;;;;;;;;;;;;;;;;;;;;;;;;;
;;;;;;;;;;;;;;;;;;;;;;;;;;;;;;;;;;;;;;;;Total PIS:;;;;;;;;;;0,00   ;;;;;;
;;;;;;;;;;;;;;;;;;;;;;;;;;;;;;;;;;;;;;;;;;;;;;;;;;;;;;;;;;;
Descontos:;;;;;;;;;300,000;;;;;;;;;;;;;Preço Médio:;;;;;;;0,73894;;;;;;;;;;;;;;;;;;;;;;;;;;;
;;;;;;;;;;;;;;;;;;;;;;;;;;;;;;;;;;;;;;;;Total COFINS:;;;;;;;;;;0,00   ;;;;;;
;;;;;;;;;;;;;;;;;;;;;;;;Descontos:;;;;;;;217,00;;;;;;;;;;;;;;;;;;;;;;;;;;;;
Total Líquido:;;;;;;;;;253.220,000;;;;;;;;;;;;;;;;;;;;;;;;;;;;;;;;;;;;;;;;;;;;;;;
;;;;;;;;;;;;;;;;;;;;;;;;;;;;;;;;;;;;;;;
;;;;;;;;;;;;;;;;;;;;;;;;;;;;;;;;;;;;;;;;;
;Total Líquido:;;;;;;;187.114,00;;;;;;;;;;
Total Registros: 137;;;;;;;;;;;;;;;;;;;;;;;;;;;;;;;;;;;;;
;;;;;;;;;;;;;;;;;;;;;;;;;;;;;;;;;;;;;;Total menos PIS:;;;;;;;;;;187.114,00   ;;;;;;
;;;;;;;;;;;;;;;;;;;;;;;;;;;;;;;;;;;;;;;;;;;;;;;;;;;;;;;
;;;;;;;;;;;;;;;;;;;;;;;;;;;;;;;;;;;;;;;;;;;;;;;;;;;;
;;;;;;;;;;;;;;;;;;;;;;;;;;;;;;;;;
;;;;;;;;;;;;;;;;;Total menos COFINS:;;;;;;;;;;187.114,00   ;;;;;;
;;;;;;;;;;;;;;;;
Total Liquido:;;;;;;;;;;187.114,00   ;;;;;;

Totais por unidade de medida: ;;;;;;;;;;;

KG ;;
;;;253.220,000   ;;;;;
;;;;;

www.sygecom.com.br - relatorios\sagi_rel_sem_agrupa_bol_placa_prod_bol_prod_20.fr3;;;;;;;;;;;;;;;;;;;;;;;;;;;;;;;;;;;;;;;;;;;;
