linha_csv;id;n2_centro_custo;n3_centro_custo;n4_centro_custo;tipo_sugerido;confianca;motivo;observacao_resumo
2;004645;PRESIDENTE PRUDENTE;ADMINISTRATIVO;ADMINISTRATIVO;CAMINHOES;baixa;sem indício forte (fallback);PEDIDO(S) ASSOCIADO(S): [0030005036] Cristina - Referente a manutenção realizada dia 08/12 na ponte rolante serralheria. NF 58 - PAGAMENTO PIX : NU PAGAMENTOS 0260/ AGENCIA0001/ CO
3;005581;PRESIDENTE PRUDENTE;ADMINISTRATIVO;ADMINISTRATIVO;CAÇAMBAS;alta;caixas/caçamba no centro de custo ou observação;PEDIDO(S) ASSOCIADO(S): [0030005112] Cristina - Referente a SERVIÇOS PRESTADOS: TROCA DE UMA LUMINÁRIA NO CAIXA MUDANÇA PONTOS DE REDE CENTRAL DE ALARME PIX: CPF 279.398.008-09 CES
4;005477;PRESIDENTE PRUDENTE;ADMINISTRATIVO;ADMINISTRATIVO;CAMINHOES;baixa;sem indício forte (fallback);PEDIDO(S) ASSOCIADO(S): [0030005126] Cristina - Referente a socorro prestado na ponte rolante do pátio Braçofer nf 190 boleto 25/02
8;002765;MARINGA DISTRITO;OPERACIONAL;OPERACIONAL;MAQUINAS;media;tipo predominante no mesmo n4; CRISTINA - S/N ANTECIPAÇÃO DE PAGAMENETO NO VALOR DE R$1.000,00 VENC. 16/01/26 VIA ALELO - REF. AO PREPARO DO TERRENO E CONCRETAGEM  (PONTOS DE ALAGAMENTO EM TORNO DA BALANÇA), TU
9;002813;MARINGA DISTRITO;OPERACIONAL;OPERACIONAL;MAQUINAS;media;tipo predominante no mesmo n4; CRISTINA - S/N ANTECIPAÇÃO DE PAGAMENETO NO VALOR DE R$1.000,00 VENC. 16/01/26 VIA ALELO - REF. AO PREPARO DO TERRENO E CONCRETAGEM  (PONTOS DE ALAGAMENTO EM TORNO DA BALANÇA), TU
10;002962;MARINGA DISTRITO;OPERACIONAL;OPERACIONAL;MAQUINAS;media;tipo predominante no mesmo n4; CRISTINA - S/N ANTECIPAÇÃO DE PAGAMENETO NO VALOR DE R$1.000,00 VENC. 16/01/26 VIA ALELO - REF. AO PREPARO DO TERRENO E CONCRETAGEM  (PONTOS DE ALAGAMENTO EM TORNO DA BALANÇA), TU
12;004869;PRESIDENTE PRUDENTE;PROJETOS;ESCRITORIO NOVO;CAMINHOES;baixa;sem indício forte (fallback);REFERENTE A NF 000439109
13;004896;PRESIDENTE PRUDENTE;PROJETOS;ESCRITORIO NOVO;CAMINHOES;baixa;sem indício forte (fallback);REFERENTE A NF 000439192
14;004981;PRESIDENTE PRUDENTE;PROJETOS;ESCRITORIO NOVO;CAMINHOES;baixa;sem indício forte (fallback);REFERENTE A NF 000439493
15;004644;PRESIDENTE PRUDENTE;PROJETOS;ESCRITORIO NOVO;CAMINHOES;baixa;sem indício forte (fallback);REFERENTE A NF 000058949
16;005737;PRESIDENTE PRUDENTE;ADMINISTRATIVO;ADMINISTRATIVO;CAMINHOES;baixa;sem indício forte (fallback);PEDIDO(S) ASSOCIADO(S): [0030005161] Cristina - Referente a troca de óleo das pontes rolantes do pátio Braçofer NF 63739 BOLETO
30;002371;PRESIDENTE PRUDENTE;OPERACIONAL;OPERACIONAL;CAÇAMBAS;alta;caixas/caçamba no centro de custo ou observação; CRISTINA - S/N VENC. 15/01/26 VIA ALELO - REF. A 17/12 LAVAGEM DA PRENSA NOVA PHH0062 (R$ 150,00) E CAMINHÃO GDB3A42  (R$150,00) - 22/12 LAVAGEM DA PRENSA PHH0045 E CAMINHÃO GDB3A
31;002372;PRESIDENTE PRUDENTE;OPERACIONAL;OPERACIONAL;CAÇAMBAS;alta;caixas/caçamba no centro de custo ou observação; CRISTINA - S/N VENC. 15/01/26 VIA ALELO - REF. A 17/12 LAVAGEM DA PRENSA NOVA PHH0062 (R$ 150,00) E CAMINHÃO GDB3A42  (R$150,00) - 22/12 LAVAGEM DA PRENSA PHH0045 E CAMINHÃO GDB3A
41;002710;PRESIDENTE PRUDENTE;MAQUINAS E EQUIPAMENTOS;CHF0016;CAÇAMBAS;alta;caixas/caçamba no centro de custo ou observação; CRISTINA - S/N VENC. 25/01/26 VIA CARTÃO ALELO - REF. A 12/01 LIMPEZA DA CAIXA SAL R$170,00 - 13/01 LIMPEZA CAMINHÃO  INTERNO EWU6003 E LIMPEZA OFICINA R$170,00 - 15/01 LIMPEZA AJ
49;002718;ADMINISTRATIVO;ADMINISTRATIVO;ADMINISTRATIVO;CAÇAMBAS;alta;caixas/caçamba no centro de custo ou observação; CRISTINA - S/N VENC. 25/01/26 VIA CARTÃO ALELO - REF. A 12/01 LIMPEZA DA CAIXA SAL R$170,00 - 13/01 LIMPEZA CAMINHÃO  INTERNO EWU6003 E LIMPEZA OFICINA R$170,00 - 15/01 LIMPEZA AJ
50;002719;ADMINISTRATIVO;ADMINISTRATIVO;ADMINISTRATIVO;CAÇAMBAS;alta;caixas/caçamba no centro de custo ou observação; CRISTINA - S/N VENC. 25/01/26 VIA CARTÃO ALELO - REF. A 12/01 LIMPEZA DA CAIXA SAL R$170,00 - 13/01 LIMPEZA CAMINHÃO  INTERNO EWU6003 E LIMPEZA OFICINA R$170,00 - 15/01 LIMPEZA AJ
51;002720;PRESIDENTE PRUDENTE;OPERACIONAL;OPERACIONAL;CAÇAMBAS;alta;caixas/caçamba no centro de custo ou observação; CRISTINA - S/N VENC. 25/01/26 VIA CARTÃO ALELO - REF. A 12/01 LIMPEZA DA CAIXA SAL R$170,00 - 13/01 LIMPEZA CAMINHÃO  INTERNO EWU6003 E LIMPEZA OFICINA R$170,00 - 15/01 LIMPEZA AJ
52;002721;PRESIDENTE PRUDENTE;OPERACIONAL;OPERACIONAL;CAÇAMBAS;alta;caixas/caçamba no centro de custo ou observação; CRISTINA - S/N VENC. 25/01/26 VIA CARTÃO ALELO - REF. A 12/01 LIMPEZA DA CAIXA SAL R$170,00 - 13/01 LIMPEZA CAMINHÃO  INTERNO EWU6003 E LIMPEZA OFICINA R$170,00 - 15/01 LIMPEZA AJ
53;002722;PRESIDENTE PRUDENTE;OPERACIONAL;OPERACIONAL;CAÇAMBAS;alta;caixas/caçamba no centro de custo ou observação; CRISTINA - S/N VENC. 25/01/26 VIA CARTÃO ALELO - REF. A 12/01 LIMPEZA DA CAIXA SAL R$170,00 - 13/01 LIMPEZA CAMINHÃO  INTERNO EWU6003 E LIMPEZA OFICINA R$170,00 - 15/01 LIMPEZA AJ
54;002723;PRESIDENTE PRUDENTE;OPERACIONAL;OPERACIONAL;CAÇAMBAS;alta;caixas/caçamba no centro de custo ou observação; CRISTINA - S/N VENC. 25/01/26 VIA CARTÃO ALELO - REF. A 12/01 LIMPEZA DA CAIXA SAL R$170,00 - 13/01 LIMPEZA CAMINHÃO  INTERNO EWU6003 E LIMPEZA OFICINA R$170,00 - 15/01 LIMPEZA AJ
73;003167;MARINGA CIDADE ALTA;OPERACIONAL;OPERACIONAL;MAQUINAS;media;tipo predominante no mesmo n4; CARTAO FLASH FINAL 0239 - USO DYESSILA - DESPESA DEDUTIVEL REF A UM ABASTECIMENTO DE GASOLINA, E / DESPESA INDEDUTIVEL REF A UM GÁS GLP PARA USO DO PATIO  
74;003170;MARINGA CIDADE ALTA;COMERCIAL;COMERCIAL;CAMINHOES;baixa;sem indício forte (fallback); CARTAO FLASH FINAL 0239 - USO DYESSILA - DESPESA DEDUTIVEL REF A UM ABASTECIMENTO DE GASOLINA, E / DESPESA INDEDUTIVEL REF A UM GÁS GLP PARA USO DO PATIO  
75;003173;MARINGA CIDADE ALTA;ADMINISTRATIVO;ADMINISTRATIVO;CAMINHOES;baixa;sem indício forte (fallback); CARTAO FLASH FINAL 0239 - USO DYESSILA - DESPESA DEDUTIVEL REF A UM ABASTECIMENTO DE GASOLINA, E / DESPESA INDEDUTIVEL REF A UM GÁS GLP PARA USO DO PATIO  
77;003164;PRESIDENTE PRUDENTE;OPERACIONAL;OPERACIONAL;MAQUINAS;media;tipo predominante no mesmo n4; CARTAO FLASH FINAL 0537 - USO CRISTIANO LUCAS - DESPESA DEDUTIVEL REF A  UMA REFEIÇÃO, ABASTECIMETO DE ETANOL, E UMA COMPRA DE BOMBA D'AGUA  
78;001819;PRESIDENTE PRUDENTE;OPERACIONAL;OPERACIONAL;MAQUINAS;media;tipo predominante no mesmo n4; CARTAO FLASH FINAL 0537 - USO CRISTIANO - DESPESA DEDUTIVEL REF A PALHETA DE PARABRISA, 2 UNIFORMES, COMBUTIVEL - ETANOL, ANEL DE VEDAÇÃO E MATERIAIS PARA LIMPEZA DE MAQUINA/ DESP
81;003235;CONTRATOS;TRANSMOVE - PRANCHA SALIONE;TRANSMOVE - PRANCHA SALIONE;CAMINHOES;baixa;sem indício forte (fallback); CARTAO FLASH FINAL 7429 - USO DANIEL JUNIOR - DESPESA DEDUTIVEL REF A 3 ABASTECIMENTO DE ETANOL E COMPRAS DE PEÇAS PARA MANUTENÇÃO / DESPESA INDEDUTIVEL REF A  11 UBERS  
85;004001;PRESIDENTE PRUDENTE;LOGISTICA;LOGISTICA;CAMINHOES;baixa;sem indício forte (fallback); CARTAO FLASH FINAL 7569 - USO ANDERSON0 ZANUTO - DESPESA DEDUTIVEL REF A UMA COMRPA DE FILTRO PARA BEBEDOURO E 16 REFEIÇÕES / DESPESA INDEDUTIVEL REF A 1 UBER  
86;004004;PRESIDENTE PRUDENTE;OPERACIONAL;OPERACIONAL;MAQUINAS;media;tipo predominante no mesmo n4; CARTAO FLASH FINAL 7569 - USO ANDERSON0 ZANUTO - DESPESA DEDUTIVEL REF A UMA COMRPA DE FILTRO PARA BEBEDOURO E 16 REFEIÇÕES / DESPESA INDEDUTIVEL REF A 1 UBER  
87;004007;PRESIDENTE PRUDENTE;COMERCIAL;COMERCIAL;CAMINHOES;baixa;sem indício forte (fallback); CARTAO FLASH FINAL 7569 - USO ANDERSON0 ZANUTO - DESPESA DEDUTIVEL REF A UMA COMRPA DE FILTRO PARA BEBEDOURO E 16 REFEIÇÕES / DESPESA INDEDUTIVEL REF A 1 UBER  
90;003153;MARINGA CIDADE ALTA;COMERCIAL;COMERCIAL;CAMINHOES;baixa;sem indício forte (fallback); CARTAO FLASH FINAL 8381 - USO RODRIGO NORCIA - DESPESA DEDUTIVEL REF UM SILICONE PARA REPARO DE MAQUINA, UM ABASTECIMENTO DE ETANOL E 16 REFEIÇÕES/ DESPESA INDEDUTIVEL REF A UMA R
91;003156;MARINGA DISTRITO;COMERCIAL;COMERCIAL;CAMINHOES;baixa;sem indício forte (fallback); CARTAO FLASH FINAL 8381 - USO RODRIGO NORCIA - DESPESA DEDUTIVEL REF UM SILICONE PARA REPARO DE MAQUINA, UM ABASTECIMENTO DE ETANOL E 16 REFEIÇÕES/ DESPESA INDEDUTIVEL REF A UMA R
92;004036;MARINGA CIDADE ALTA;COMERCIAL;COMERCIAL;CAMINHOES;baixa;sem indício forte (fallback); CARTAO FLASH FINAL 8381 - USO RODRIGO NORCIA - DESPESA DEDUTIVEL REF A 9 REFEIÇÕES, 2 ABASTECIMENTO DE ETANOL, E UM SOCORRO/ DESPESA INDEDUTIVEL REF A 4 REFEIÇÕES 2 SOCORROS UM CO
93;004040;MARINGA DISTRITO;OPERACIONAL;OPERACIONAL;MAQUINAS;media;tipo predominante no mesmo n4; CARTAO FLASH FINAL 8381 - USO RODRIGO NORCIA - DESPESA DEDUTIVEL REF A 9 REFEIÇÕES, 2 ABASTECIMENTO DE ETANOL, E UM SOCORRO/ DESPESA INDEDUTIVEL REF A 4 REFEIÇÕES 2 SOCORROS UM CO
94;004044;MARINGA DISTRITO;COMERCIAL;COMERCIAL;CAMINHOES;baixa;sem indício forte (fallback); CARTAO FLASH FINAL 8381 - USO RODRIGO NORCIA - DESPESA DEDUTIVEL REF A 9 REFEIÇÕES, 2 ABASTECIMENTO DE ETANOL, E UM SOCORRO/ DESPESA INDEDUTIVEL REF A 4 REFEIÇÕES 2 SOCORROS UM CO
95;004048;LONDRINA;COMERCIAL;COMERCIAL;CAMINHOES;baixa;sem indício forte (fallback); CARTAO FLASH FINAL 8381 - USO RODRIGO NORCIA - DESPESA DEDUTIVEL REF A 9 REFEIÇÕES, 2 ABASTECIMENTO DE ETANOL, E UM SOCORRO/ DESPESA INDEDUTIVEL REF A 4 REFEIÇÕES 2 SOCORROS UM CO
96;004052;MARINGA CIDADE ALTA;OPERACIONAL;OPERACIONAL;MAQUINAS;media;tipo predominante no mesmo n4; CARTAO FLASH FINAL 8381 - USO RODRIGO NORCIA - DESPESA DEDUTIVEL REF A 9 REFEIÇÕES, 2 ABASTECIMENTO DE ETANOL, E UM SOCORRO/ DESPESA INDEDUTIVEL REF A 4 REFEIÇÕES 2 SOCORROS UM CO
97;004016;LONDRINA;OPERACIONAL;OPERACIONAL;MAQUINAS;media;tipo predominante no mesmo n4; CARTAO FLASH FINAL 8617 - USO KAMYLA - DESPESA DEDUTIVEL REF A COMPRA DE ENVELOPES E UM FUSIVEL PARA MAQUINA/ DESPESA INDEDUTIVEL REF A 4 PASSAGENS E 24 UBERS  
98;004019;LONDRINA;ADMINISTRATIVO;ADMINISTRATIVO;CAMINHOES;baixa;sem indício forte (fallback); CARTAO FLASH FINAL 8617 - USO KAMYLA - DESPESA DEDUTIVEL REF A COMPRA DE ENVELOPES E UM FUSIVEL PARA MAQUINA/ DESPESA INDEDUTIVEL REF A 4 PASSAGENS E 24 UBERS  
99;003201;MARINGA CIDADE ALTA;OPERACIONAL;OPERACIONAL;MAQUINAS;media;tipo predominante no mesmo n4; CARTAO FLASH FINAL 926 - USO DE EDMILSON - DESPESA DEDUTIVEL REF A 6 REFEIÇÕES, 4 PEÇAS PARA  MANUTENÇÃO/ DESPESA INDEDUTIVEL REF A 4 REFEIÇÕES, 2 PEÇAS DE MANUTENÇÃO  
101;003205;DOURADOS;OPERACIONAL;OPERACIONAL;MAQUINAS;media;tipo predominante no mesmo n4; CARTAO FLASH FINAL 926 - USO DE EDMILSON - DESPESA DEDUTIVEL REF A 6 REFEIÇÕES, 4 PEÇAS PARA  MANUTENÇÃO/ DESPESA INDEDUTIVEL REF A 4 REFEIÇÕES, 2 PEÇAS DE MANUTENÇÃO  
102;003207;CORPORATIVO SUCATA;APOIO;APOIO;CAMINHOES;baixa;sem indício forte (fallback); CARTAO FLASH FINAL 926 - USO DE EDMILSON - DESPESA DEDUTIVEL REF A 6 REFEIÇÕES, 4 PEÇAS PARA  MANUTENÇÃO/ DESPESA INDEDUTIVEL REF A 4 REFEIÇÕES, 2 PEÇAS DE MANUTENÇÃO  
103;001799;DOURADOS;OPERACIONAL;OPERACIONAL;MAQUINAS;media;tipo predominante no mesmo n4; CARTAO FLASH FINAL 926 - USO EDMILSON - DESPESA DEDUTIVEL REF A 10 REFEIÇÕES, UMA COMPRA DE PARAFUSOS E BASE SIEMENS, UM ELETRODO, UM ENGATE FEMEA E MACHO E 2 LIMPA CONTATOS/ DESP
104;001802;MARINGA DISTRITO;OPERACIONAL;OPERACIONAL;MAQUINAS;media;tipo predominante no mesmo n4; CARTAO FLASH FINAL 926 - USO EDMILSON - DESPESA DEDUTIVEL REF A 10 REFEIÇÕES, UMA COMPRA DE PARAFUSOS E BASE SIEMENS, UM ELETRODO, UM ENGATE FEMEA E MACHO E 2 LIMPA CONTATOS/ DESP
105;001805;LONDRINA;OPERACIONAL;OPERACIONAL;MAQUINAS;media;tipo predominante no mesmo n4; CARTAO FLASH FINAL 926 - USO EDMILSON - DESPESA DEDUTIVEL REF A 10 REFEIÇÕES, UMA COMPRA DE PARAFUSOS E BASE SIEMENS, UM ELETRODO, UM ENGATE FEMEA E MACHO E 2 LIMPA CONTATOS/ DESP
107;000958;PRESIDENTE PRUDENTE;OPERACIONAL;OPERACIONAL;MAQUINAS;media;tipo predominante no mesmo n4; CARTAO FLASH FINAL 934 - USO WAGNER APARECIDO -DESPESA INDEDUTIVEL REF A UM UBER, UMA LOCAÇÃO DE VEICULO, UM CONSERTO DE PNEU DA PRENSA, E UMA COMPRA DE MANGUEIRA E CAPA PRENSAVEL
108;000961;MARINGA DISTRITO;OPERACIONAL;OPERACIONAL;MAQUINAS;media;tipo predominante no mesmo n4; CARTAO FLASH FINAL 934 - USO WAGNER APARECIDO -DESPESA INDEDUTIVEL REF A UM UBER, UMA LOCAÇÃO DE VEICULO, UM CONSERTO DE PNEU DA PRENSA, E UMA COMPRA DE MANGUEIRA E CAPA PRENSAVEL
111;004070;CAMPO GRANDE;OPERACIONAL;OPERACIONAL;MAQUINAS;media;tipo predominante no mesmo n4; CARTAO FLASH FINAL 934 - USO WAGNER APARECIDO - DESPESA DEDUTIVEL REF A UMA COMPRA DE CARNES PARA CHURRASCO, E ABASTECIMENTO DE ETANOL/ DESPESA INDEDUTIVEL REF A UM ESTACIONAMENTO
112;004076;PRESIDENTE PRUDENTE;OPERACIONAL;OPERACIONAL;MAQUINAS;media;tipo predominante no mesmo n4; CARTAO FLASH FINAL 934 - USO WAGNER APARECIDO - DESPESA DEDUTIVEL REF A UMA COMPRA DE CARNES PARA CHURRASCO, E ABASTECIMENTO DE ETANOL/ DESPESA INDEDUTIVEL REF A UM ESTACIONAMENTO
116;004010;MARINGA CIDADE ALTA;OPERACIONAL;OPERACIONAL;MAQUINAS;media;tipo predominante no mesmo n4; CARTAO FLASH FINAL 9538 - USO JULIO VIEIRA - DESPESA DEDUTIVEL REF A / DESPESA INDEDUTIVEL REF A 1 REFEIÇÃO, UM CONECTOR DE PINO E UMA MANGUEIRA DE AR  
117;004012;PRESIDENTE PRUDENTE;OPERACIONAL;OPERACIONAL;MAQUINAS;media;tipo predominante no mesmo n4; CARTAO FLASH FINAL 9538 - USO JULIO VIEIRA - DESPESA DEDUTIVEL REF A / DESPESA INDEDUTIVEL REF A 1 REFEIÇÃO, UM CONECTOR DE PINO E UMA MANGUEIRA DE AR  
118;001872;PRESIDENTE PRUDENTE;LOGISTICA;LOGISTICA;CAMINHOES;baixa;sem indício forte (fallback); CARTAO FLASH FINAL 9686 - USO REGINALDO - DESPESA DEDUTIVEL REF A 11 REFEIÇÕES/ DESPESA INDEDUTIVEL REF A 4 REFEIÇÕES E UMA COMPRA DE FILTRO (QUE GEROU NOTA, MAS FOI EMITIDA PARA 
120;000769;PRESIDENTE PRUDENTE;OPERACIONAL;OPERACIONAL;MAQUINAS;media;tipo predominante no mesmo n4; OC 27771 - CRISTINA - NFE. 236.141 VENC. 08/02/26 R$ 737,50 10/03/26 R$737,50 09/04/26 R$737,50 09/05/26 R$737,50 VIA BOL. (BOLETO EM  CONJUNTO COM A NOTA 86.300) - REF. A COMPRA 
121;002177;PRESIDENTE PRUDENTE;OPERACIONAL;OPERACIONAL;MAQUINAS;media;tipo predominante no mesmo n4; OC 27771 - CRISTINA - NFE. 236.141 VENC. 08/02/26 R$ 737,50 10/03/26 R$737,50 09/04/26 R$737,50 09/05/26 R$737,50 VIA BOL. (BOLETO EM  CONJUNTO COM A NOTA 86.300) - REF. A COMPRA 
122;002263;PRESIDENTE PRUDENTE;OPERACIONAL;OPERACIONAL;MAQUINAS;media;tipo predominante no mesmo n4; OC 27771 - CRISTINA - NFE. 236.141 VENC. 08/02/26 R$ 737,50 10/03/26 R$737,50 09/04/26 R$737,50 09/05/26 R$737,50 VIA BOL. (BOLETO EM  CONJUNTO COM A NOTA 86.300) - REF. A COMPRA 
123;004137;PRESIDENTE PRUDENTE;OPERACIONAL;OPERACIONAL;MAQUINAS;media;tipo predominante no mesmo n4; OC 27771 - CRISTINA - NFE. 236.141 VENC. 08/02/26 R$ 737,50 10/03/26 R$737,50 09/04/26 R$737,50 09/05/26 R$737,50 VIA BOL. (BOLETO EM  CONJUNTO COM A NOTA 86.300) - REF. A COMPRA 
127;003594;CAMPO GRANDE;OPERACIONAL;OPERACIONAL;MAQUINAS;media;tipo predominante no mesmo n4; CRISTINA - NFE. 4.709 VENC. 22/02/2026. VIA BOL. - REF. COMPRA DE VENENO SOLICITADO POR ENCARREGADOS PARA PASSAR NA  GRAMA NOS PATIOS DE 02 MARINGA, 01 CAMPO GRANDE E 01 DOURADOS
128;003595;MARINGA DISTRITO;OPERACIONAL;OPERACIONAL;MAQUINAS;media;tipo predominante no mesmo n4; CRISTINA - NFE. 4.709 VENC. 22/02/2026. VIA BOL. - REF. COMPRA DE VENENO SOLICITADO POR ENCARREGADOS PARA PASSAR NA  GRAMA NOS PATIOS DE 02 MARINGA, 01 CAMPO GRANDE E 01 DOURADOS
129;003596;DOURADOS;OPERACIONAL;OPERACIONAL;MAQUINAS;media;tipo predominante no mesmo n4; CRISTINA - NFE. 4.709 VENC. 22/02/2026. VIA BOL. - REF. COMPRA DE VENENO SOLICITADO POR ENCARREGADOS PARA PASSAR NA  GRAMA NOS PATIOS DE 02 MARINGA, 01 CAMPO GRANDE E 01 DOURADOS
130;000753;MARINGA DISTRITO;ADMINISTRATIVO;ADMINISTRATIVO;CAMINHOES;baixa;sem indício forte (fallback); OC 28246 CRISTINA - REF A COMPRA DE PEÇAS PARA CONSERTO DA FIBRA DE INTERNET , QUE AO SE MOVIMENTAR COM A MAQUINA  ROMPEU UM CABO DA INTERNET DENTRO DA UNIDADE.  PAGAMENTO BOLETO 
131;002176;PRESIDENTE PRUDENTE;OPERACIONAL;OPERACIONAL;MAQUINAS;media;tipo predominante no mesmo n4;REF. NFS86854 - NFE237314 OC 28528 - CRISTINA - NFS. 86.854 VENC. 12/03/26 VIA BOL. (BOLETO EM CONJUNTO COM A NFE. 237.274) - REF. AO SERVIÇO DE TROCA DE  BATERIA NO CARRO SUC4A26 
132;004267;PRESIDENTE PRUDENTE;OPERACIONAL;OPERACIONAL;MAQUINAS;media;tipo predominante no mesmo n4;REF. NFS86868 - NFE237342 OC 28572 - CRISTINA - NFS. 86.868 VENC. 13/02/26 VIA BOL. (BOLETO EM CONJUNTO COM A NF. 237.342) - REF. A REVISÃO COM MUDANÇA DE  OLEO NO CARRO SUC4A26 (K
133;002192;PRESIDENTE PRUDENTE;OPERACIONAL;OPERACIONAL;MAQUINAS;media;tipo predominante no mesmo n4;REF. NFS 86882 E NFE 237375 OC 28672 - CRISTINA - NFS. 86.882 VENC. 14/03/26 R$1.110,90 13/04/26 R$1.110,90 13/05/26 R$1.110,89 VIA BOL. (BOLETO EM CONJUNTO COM A NF.  237.375) - R
134;004443;PRESIDENTE PRUDENTE;OPERACIONAL;OPERACIONAL;MAQUINAS;media;tipo predominante no mesmo n4;REF. NFS 86882 E NFE 237375 OC 28672 - CRISTINA - NFS. 86.882 VENC. 14/03/26 R$1.110,90 13/04/26 R$1.110,90 13/05/26 R$1.110,89 VIA BOL. (BOLETO EM CONJUNTO COM A NF.  237.375) - R
135;004444;PRESIDENTE PRUDENTE;OPERACIONAL;OPERACIONAL;MAQUINAS;media;tipo predominante no mesmo n4;REF. NFS 86882 E NFE 237375 OC 28672 - CRISTINA - NFS. 86.882 VENC. 14/03/26 R$1.110,90 13/04/26 R$1.110,90 13/05/26 R$1.110,89 VIA BOL. (BOLETO EM CONJUNTO COM A NF.  237.375) - R
145;003831;PRESIDENTE PRUDENTE;ADMINISTRATIVO;ADMINISTRATIVO;CAMINHOES;baixa;sem indício forte (fallback); CRISTINA - NFE. 103.477 VENC. 15/02/26 VIA CARTÃO DE CREDITO 8971 EM 1X -  REF. A COMPRA DE 01 MEMORIA DE 16G, CONSUMO DOS 8G JÁ INSTALADO, P/MELHORIA MAQUINA DA FERNANDA DA CONTR
181;004085;PRESIDENTE PRUDENTE;OPERACIONAL;OPERACIONAL;MAQUINAS;media;tipo predominante no mesmo n4; COMPRADA PELO FRANCISCO - UTILIZADA PARA DESCONTAMINAÇÃO VEICULOS PATIO CARVALHO LEILÕES EM TEODORO SAMPAIO / REF. LEILÃO PRENSA DE VEICULOS.  FINAL DO CARTÃO 0987
204;003837;DOURADOS;OPERACIONAL;OPERACIONAL;MAQUINAS;media;tipo predominante no mesmo n4; NFE 129.321 PTO BOL VENC 05/03 - REF. A COMPRA DE SPRAY PARA PINTAR O PORTAO DE ENTRADA DO ESCRITORIO, ESPUMA POR CONTA DA INFILTRACAO DA COZINHA E ESCRITORIO, E CADEADO POIS QUEB
205;003838;DOURADOS;ADMINISTRATIVO;ADMINISTRATIVO;CAMINHOES;baixa;sem indício forte (fallback); NFE 129.321 PTO BOL VENC 05/03 - REF. A COMPRA DE SPRAY PARA PINTAR O PORTAO DE ENTRADA DO ESCRITORIO, ESPUMA POR CONTA DA INFILTRACAO DA COZINHA E ESCRITORIO, E CADEADO POIS QUEB
207;000690;PRESIDENTE PRUDENTE;MAQUINAS E EQUIPAMENTOS;CHF0016;MAQUINAS;alta;máquinas/equipamentos no centro de custo; CRISTINA - NFE. 131.652 VENC. 05/02/26 VIA BOL. - REF. A COMPRA DE REMOCIL P/ LIMPEZA DO PISO DO LAVADOR E OUTROS PRODUTOS P/ LIMPEZA DA MAQUINA CHF0016, PENSA MOVEL GDU0275 E CAM
211;000694;PRESIDENTE PRUDENTE;OPERACIONAL;OPERACIONAL;MAQUINAS;alta;código de máquina na observação; CRISTINA - NFE. 131.652 VENC. 05/02/26 VIA BOL. - REF. A COMPRA DE REMOCIL P/ LIMPEZA DO PISO DO LAVADOR E OUTROS PRODUTOS P/ LIMPEZA DA MAQUINA CHF0016, PENSA MOVEL GDU0275 E CAM
212;000695;PRESIDENTE PRUDENTE;OPERACIONAL;OPERACIONAL;MAQUINAS;alta;código de máquina na observação; CRISTINA - NFE. 131.652 VENC. 05/02/26 VIA BOL. - REF. A COMPRA DE REMOCIL P/ LIMPEZA DO PISO DO LAVADOR E OUTROS PRODUTOS P/ LIMPEZA DA MAQUINA CHF0016, PENSA MOVEL GDU0275 E CAM
219;002088;PRESIDENTE PRUDENTE;OPERACIONAL;OPERACIONAL;MAQUINAS;media;tipo predominante no mesmo n4; CRISTINA - NFE. 137.503 VENC. 15/02/26 VIA CARTÃO 8971 EM 10X - REF. A COMPRA DE BALANÇA DIGITAL SUSPENSA P/ USO NA BRAÇOFER - ITEM 1,  : 'REDUCAO DE ALIQUOTA CONFORME SF 4/98 - I
220;002096;PRESIDENTE PRUDENTE;OPERACIONAL;OPERACIONAL;MAQUINAS;media;tipo predominante no mesmo n4; CRISTINA - NFE. 137.503 VENC. 15/02/26 VIA CARTÃO 8971 EM 10X - REF. A COMPRA DE BALANÇA DIGITAL SUSPENSA P/ USO NA BRAÇOFER - ITEM 1,  : 'REDUCAO DE ALIQUOTA CONFORME SF 4/98 - I
221;002163;PRESIDENTE PRUDENTE;OPERACIONAL;OPERACIONAL;MAQUINAS;media;tipo predominante no mesmo n4; CRISTINA - NFE. 137.503 VENC. 15/02/26 VIA CARTÃO 8971 EM 10X - REF. A COMPRA DE BALANÇA DIGITAL SUSPENSA P/ USO NA BRAÇOFER - ITEM 1,  : 'REDUCAO DE ALIQUOTA CONFORME SF 4/98 - I
222;002251;PRESIDENTE PRUDENTE;OPERACIONAL;OPERACIONAL;MAQUINAS;media;tipo predominante no mesmo n4; CRISTINA - NFE. 137.503 VENC. 15/02/26 VIA CARTÃO 8971 EM 10X - REF. A COMPRA DE BALANÇA DIGITAL SUSPENSA P/ USO NA BRAÇOFER - ITEM 1,  : 'REDUCAO DE ALIQUOTA CONFORME SF 4/98 - I
223;002277;PRESIDENTE PRUDENTE;OPERACIONAL;OPERACIONAL;MAQUINAS;media;tipo predominante no mesmo n4; CRISTINA - NFE. 137.503 VENC. 15/02/26 VIA CARTÃO 8971 EM 10X - REF. A COMPRA DE BALANÇA DIGITAL SUSPENSA P/ USO NA BRAÇOFER - ITEM 1,  : 'REDUCAO DE ALIQUOTA CONFORME SF 4/98 - I
224;002324;PRESIDENTE PRUDENTE;OPERACIONAL;OPERACIONAL;MAQUINAS;media;tipo predominante no mesmo n4; CRISTINA - NFE. 137.503 VENC. 15/02/26 VIA CARTÃO 8971 EM 10X - REF. A COMPRA DE BALANÇA DIGITAL SUSPENSA P/ USO NA BRAÇOFER - ITEM 1,  : 'REDUCAO DE ALIQUOTA CONFORME SF 4/98 - I
225;003959;PRESIDENTE PRUDENTE;OPERACIONAL;OPERACIONAL;MAQUINAS;media;tipo predominante no mesmo n4; CRISTINA - NFE. 137.503 VENC. 15/02/26 VIA CARTÃO 8971 EM 10X - REF. A COMPRA DE BALANÇA DIGITAL SUSPENSA P/ USO NA BRAÇOFER - ITEM 1,  : 'REDUCAO DE ALIQUOTA CONFORME SF 4/98 - I
226;004216;PRESIDENTE PRUDENTE;OPERACIONAL;OPERACIONAL;MAQUINAS;media;tipo predominante no mesmo n4; CRISTINA - NFE. 137.503 VENC. 15/02/26 VIA CARTÃO 8971 EM 10X - REF. A COMPRA DE BALANÇA DIGITAL SUSPENSA P/ USO NA BRAÇOFER - ITEM 1,  : 'REDUCAO DE ALIQUOTA CONFORME SF 4/98 - I
227;004414;PRESIDENTE PRUDENTE;OPERACIONAL;OPERACIONAL;MAQUINAS;media;tipo predominante no mesmo n4; CRISTINA - NFE. 137.503 VENC. 15/02/26 VIA CARTÃO 8971 EM 10X - REF. A COMPRA DE BALANÇA DIGITAL SUSPENSA P/ USO NA BRAÇOFER - ITEM 1,  : 'REDUCAO DE ALIQUOTA CONFORME SF 4/98 - I
228;004420;PRESIDENTE PRUDENTE;OPERACIONAL;OPERACIONAL;MAQUINAS;media;tipo predominante no mesmo n4; CRISTINA - NFE. 137.503 VENC. 15/02/26 VIA CARTÃO 8971 EM 10X - REF. A COMPRA DE BALANÇA DIGITAL SUSPENSA P/ USO NA BRAÇOFER - ITEM 1,  : 'REDUCAO DE ALIQUOTA CONFORME SF 4/98 - I
229;003627;MARINGA DISTRITO;OPERACIONAL;OPERACIONAL;MAQUINAS;media;tipo predominante no mesmo n4; CRISTINA, REFERENTE A COMPRA DE MATERIAIS QUE SÃO USADOS PELOS FUNCIONARIOS DO PATIO E UNIDADE EM GERAL     NF: 13759  VENCIMENTO:25/02  BOLETO BANCARIO -  - BOL 25-2 VAL APR TRIB
243;003013;DOURADOS;OPERACIONAL;OPERACIONAL;MAQUINAS;media;tipo predominante no mesmo n4; NFE 146.493 PTO BOL VENC 05/02 - REF. A COMPRA DE EPIS E EQUIPAMENTOS EM FALTA PARA USO FUNCIONARIOS  - COMPRADO POR LEONARDO COMPRADOR DOURADOS - CST 20 - MERCADORIA SUJEITA A RE
245;003836;DOURADOS;OPERACIONAL;OPERACIONAL;MAQUINAS;media;tipo predominante no mesmo n4; NFE 147.738 PTO BOL VENC 05/03 E 05/04 - REF. A COMPRA DE ITENS E EQUIPAMENTOS EM FALTA PARA USO NO PATIO E MANUTENCOES - COMPRADO POR LEONARDO COMPRADOR DOURADOS - CST 20 - MERCA
246;004395;DOURADOS;OPERACIONAL;OPERACIONAL;MAQUINAS;media;tipo predominante no mesmo n4; NFE 147.738 PTO BOL VENC 05/03 E 05/04 - REF. A COMPRA DE ITENS E EQUIPAMENTOS EM FALTA PARA USO NO PATIO E MANUTENCOES - COMPRADO POR LEONARDO COMPRADOR DOURADOS - CST 20 - MERCA
247;004283;DOURADOS;OPERACIONAL;OPERACIONAL;MAQUINAS;media;tipo predominante no mesmo n4; CRISTINA - NFE. 148.481 VENC. 16/03/26 VIA BOL. - REF. A COMPRA DE UMA ESMERILHADEIRA P/ SO NO PATIO DE DOURADOS - CST 20 - MERCADORIA SUJEITA A REDUCAO DE BASE DE CALCULO CONFORM
266;001044;PRESIDENTE PRUDENTE;OPERACIONAL;OPERACIONAL;MAQUINAS;media;tipo predominante no mesmo n4; CRISTINA - NFE. 158.840 VENC. 15/02/26 VIA PIX - REF. A COMPRA DE MANGUEIRA HIDRAULICA GATES AGR1-8 E COMPLEMENTOS P/ MUDANÇA DE COMPRESSOR DA BRAÇOFER -  - PEDIDO: 566270 VOCE PA
287;003885;PRESIDENTE PRUDENTE;OPERACIONAL;OPERACIONAL;MAQUINAS;media;tipo predominante no mesmo n4; CRISITINA - NFE. 159.466 VENC. 05/03/26 VIA PIX - REF. A COMPRA DE LONA PLASTICA P/ DESCONTAMINAÇÃO DE CAMINHÕES COMPRADOS NO LEILÃO -  - PEDIDO: 569840 VOCE PAGOU APROXIMADAMENTE
289;003886;PRESIDENTE PRUDENTE;OPERACIONAL;OPERACIONAL;MAQUINAS;media;tipo predominante no mesmo n4; CRISTINA - NFE. 159.468 VENC. 05/03/26 VIA PIX - REF. A COMPRA DE MANGUEIRA PULVERIZAR 1/2 700PSI E COMPLEMENTOS P/ USO NO CALIBRADOR DO PATIO MANUTENÇÃO, PRUDENTE -  - PEDIDO: 57
307;002128;PRESIDENTE PRUDENTE;OPERACIONAL;OPERACIONAL;MAQUINAS;media;tipo predominante no mesmo n4; CRISTINA - NFE. 160.232 VENC. 25/02/26 VIA PIX - REF. A COMPRADE MANGUEIRA AR/AGUA E COMPLEMENTOS P/ USO NA OFICINA, PRUDENTE -  - PEDIDO: 573902 VOCE PAGOU APROXIMADAMENTE:  58,6
311;003352;DOURADOS;ADMINISTRATIVO;ADMINISTRATIVO;CAMINHOES;baixa;sem indício forte (fallback); NFE 16.253 PTO VIA BOL VENC. 16/02 - REF. A COMPRA E TROCA DO FILTRO PARA O BEBEDOURO EXTERNO DO PATIO UNIDADE DOURADOS -  - DOCUMENTO EMITIDO POR ME OU EPP OPTANTE PELO SIMPLES N
336;001669;PRESIDENTE PRUDENTE;OPERACIONAL;OPERACIONAL;MAQUINAS;media;tipo predominante no mesmo n4;" CRISTINA - NFE. 185.196 VENC. 05/03/26 VIA BOL. - REF. A COMPRA DE ESLMATE EPOXI CINZA CLARO 3,6LT P/ PINTURA NA OFICINA, PRUDENTE - VLR APROX DO TRIBUTO ""R$ 49,95(9,25%)"" - VENDE"
337;001670;PRESIDENTE PRUDENTE;OPERACIONAL;OPERACIONAL;MAQUINAS;media;tipo predominante no mesmo n4;" CRISTINA - NFE. 185.395 VENC. 05/03/26 VIA BOL. - REF. A COMPRA DE 2 BALDES DE ESMALTE EPOXI CINZA CLARO 3,6LTS P/ USO NO CHÃO DA OFICINA - VLR APROX DO TRIBUTO ""R$ 49,95(9,25%)"" "
349;003828;PRESIDENTE PRUDENTE;OPERACIONAL;OPERACIONAL;MAQUINAS;media;tipo predominante no mesmo n4; CRISTINA - NFE. 19.828 VENC. 15/02/26 VIA CARTÃO DE CREDITO 8971 1X - REF. A COMPRA DE BOMBA DRENHO P/ USO NO AR CONDICIONADO DO REFEITORIO (408) -  - TOTAL APROXIMADO DE TRIBUTOS
368;001298;PRESIDENTE PRUDENTE;OPERACIONAL;OPERACIONAL;MAQUINAS;media;tipo predominante no mesmo n4; CRISTINA - NFE. 22.031 VENC. 22/02/26 VIA BOL. - REF. A COMPRA DE CARTÃO RFID CTA SMART SEM GTIN P/ USO NAS BOMBAS NO PATIO PRUDENTE -  -
369;004247;PRESIDENTE PRUDENTE;OPERACIONAL;OPERACIONAL;MAQUINAS;media;tipo predominante no mesmo n4; CRISTINA - NFE. 2.218 VENC. 15/03/26 VIA BOL. - REF. A COMPRA DE OXIGÊNIO QUE VAI SER UTILIZADO NA OFICINA DE PRUDENTE - SITUACOES TRIBUTADAS INTEGRALMENTE PELO IBS E CBS. - CENTR
379;001765;MARINGA DISTRITO;OPERACIONAL;OPERACIONAL;MAQUINAS;media;tipo predominante no mesmo n4;" CRISTINA - VENC 06-03 - ESTOPA UNIDADE MARINGA PQ INDUSTRIAL -  - PATIO INDUSTRIAL.;CODIGO: 6534;VALOR APROXIMADO TOTAL DOS TRIBUTOS R$4,95 (4,95%) FONTE IBPT."
451;003977;PRESIDENTE PRUDENTE;OPERACIONAL;OPERACIONAL;MAQUINAS;media;tipo predominante no mesmo n4; CRISTINA - NFE. 35.741 VENC. 15/02/26 VIA CARTÃO DE CRÉDITO 8971 EM 1X - REF. A COMPRA DE RASPADOR MULTIUSO P/ RETIRAR OS ADESIVOS DOS CAMINHÕES QUE VÃO SER VENDIDOS - EMITIDO POR
452;003856;PRESIDENTE PRUDENTE;OPERACIONAL;OPERACIONAL;MAQUINAS;media;tipo predominante no mesmo n4; CRISTINA - NFE. 3.592 VENC. 05/03/26 VIA PIX - REF. A COMPRA DE CREMALHEIRA 1,5MTS INDUSTRIAL P/ USO NO PORTÃO DA CHACARA DO SR. RENATO -  - DOCUMENTO EMITIDO POR ME OU EPP OPTANT
456;000682;PRESIDENTE PRUDENTE;OPERACIONAL;OPERACIONAL;MAQUINAS;media;tipo predominante no mesmo n4; CRISTINA - NFE. 36.188 VENC. 05/02/26 VIA BOL. - REF. A COMPRA DE PONTA MONTADA E SILICONE INCOLOR P/ O CAMINHÃO GDB3A42, PANO DE MALHA E SILICONE P/ USO NA OFICINA E BICO DE CORT
457;000683;PRESIDENTE PRUDENTE;OPERACIONAL;OPERACIONAL;MAQUINAS;media;tipo predominante no mesmo n4; CRISTINA - NFE. 36.188 VENC. 05/02/26 VIA BOL. - REF. A COMPRA DE PONTA MONTADA E SILICONE INCOLOR P/ O CAMINHÃO GDB3A42, PANO DE MALHA E SILICONE P/ USO NA OFICINA E BICO DE CORT
460;000593;CAMPO GRANDE;COMERCIAL;COMERCIAL;CAMINHOES;baixa;sem indício forte (fallback); CRISTINA ( GISELE) REF. A COMPRA DE CLORO PARA EVITAR FOCO DE DENGUE PARA  A UNIDADE CAMPO GRANDE NF 36406 BOLETO BANCARIO VENC. 05/02 -  - PGT.: BOLETO BANCARIO VR. PGO R$: 0,00 
464;003924;VEICULO, MAQUINA E EQUIPAMENTO;EWU6143;EWU6143;JULIETAS;alta;menção direta a JULIETA; CRISTINA - NFE. 36.837 VENC. 05/03/26 VIA BOL. - REF. A COMPRA DE SILICONE VERMELHOR 50G P/ USO NA PRENSA MOVEL GDU0275, PARAFUSOS E PORCAS SEXTAVADAS, BARRA E PORCAS 3/4 P/ O CAM
468;003928;PRESIDENTE PRUDENTE;OPERACIONAL;OPERACIONAL;JULIETAS;alta;menção direta a JULIETA; CRISTINA - NFE. 36.837 VENC. 05/03/26 VIA BOL. - REF. A COMPRA DE SILICONE VERMELHOR 50G P/ USO NA PRENSA MOVEL GDU0275, PARAFUSOS E PORCAS SEXTAVADAS, BARRA E PORCAS 3/4 P/ O CAM
469;003929;PRESIDENTE PRUDENTE;OPERACIONAL;OPERACIONAL;JULIETAS;alta;menção direta a JULIETA; CRISTINA - NFE. 36.837 VENC. 05/03/26 VIA BOL. - REF. A COMPRA DE SILICONE VERMELHOR 50G P/ USO NA PRENSA MOVEL GDU0275, PARAFUSOS E PORCAS SEXTAVADAS, BARRA E PORCAS 3/4 P/ O CAM
479;000287;PRESIDENTE PRUDENTE;OPERACIONAL;OPERACIONAL;MAQUINAS;media;tipo predominante no mesmo n4; CRISTINA - NFE. 386 VENC. 25/01/26 VIA BOL. - REF. A COMPRA DE MANGUEIRA E ESPIRAIS P/ MANUTENÇÃO DE MAÇARICO DO PATIO UTILIZADO PELO DAVID -  - OBSERVACOES: PEDIDO VERBAL VINICIU
491;003348;DOURADOS;LOGISTICA;LOGISTICA;CAMINHOES;baixa;sem indício forte (fallback); NFE 3907 PTO BOL VENC. 15/02 - REF. COMPRA DE INTERCAP E SOLUPAM PARA LIMPEZA DA FROTA E MAQUINAS UND. DOURADOS. -  - NFE REFERENTE AO PEDIDO DE VENDA DE NO: 017904VEND: ITAMAR
492;003349;DOURADOS;LOGISTICA;LOGISTICA;CAMINHOES;baixa;sem indício forte (fallback); NFE 3907 PTO BOL VENC. 15/02 - REF. COMPRA DE INTERCAP E SOLUPAM PARA LIMPEZA DA FROTA E MAQUINAS UND. DOURADOS. -  - NFE REFERENTE AO PEDIDO DE VENDA DE NO: 017904VEND: ITAMAR
493;003350;DOURADOS;OPERACIONAL;OPERACIONAL;MAQUINAS;media;tipo predominante no mesmo n4; NFE 3907 PTO BOL VENC. 15/02 - REF. COMPRA DE INTERCAP E SOLUPAM PARA LIMPEZA DA FROTA E MAQUINAS UND. DOURADOS. -  - NFE REFERENTE AO PEDIDO DE VENDA DE NO: 017904VEND: ITAMAR
494;003351;DOURADOS;OPERACIONAL;OPERACIONAL;MAQUINAS;media;tipo predominante no mesmo n4; NFE 3907 PTO BOL VENC. 15/02 - REF. COMPRA DE INTERCAP E SOLUPAM PARA LIMPEZA DA FROTA E MAQUINAS UND. DOURADOS. -  - NFE REFERENTE AO PEDIDO DE VENDA DE NO: 017904VEND: ITAMAR
544;002268;PRESIDENTE PRUDENTE;OPERACIONAL;OPERACIONAL;MAQUINAS;media;tipo predominante no mesmo n4; CRISTINA - NFE. 53.994 VENC. 01/02/26 VIA CARTÃO 8971 EM 4X - REF. A COMPRA DE AR CONDICIONADO P/ USO NA SALA ESCRITORIO DA SELETIVA - VLR APROX DOS TRIBUTOS: R$ 729,07 FEDERAL  /
545;003829;PRESIDENTE PRUDENTE;OPERACIONAL;OPERACIONAL;MAQUINAS;media;tipo predominante no mesmo n4; CRISTINA - NFE. 53.994 VENC. 01/02/26 VIA CARTÃO 8971 EM 4X - REF. A COMPRA DE AR CONDICIONADO P/ USO NA SALA ESCRITORIO DA SELETIVA - VLR APROX DOS TRIBUTOS: R$ 729,07 FEDERAL  /
546;004352;PRESIDENTE PRUDENTE;OPERACIONAL;OPERACIONAL;MAQUINAS;media;tipo predominante no mesmo n4; CRISTINA - NFE. 53.994 VENC. 01/02/26 VIA CARTÃO 8971 EM 4X - REF. A COMPRA DE AR CONDICIONADO P/ USO NA SALA ESCRITORIO DA SELETIVA - VLR APROX DOS TRIBUTOS: R$ 729,07 FEDERAL  /
547;004537;PRESIDENTE PRUDENTE;OPERACIONAL;OPERACIONAL;MAQUINAS;media;tipo predominante no mesmo n4; CRISTINA - NFE. 53.994 VENC. 01/02/26 VIA CARTÃO 8971 EM 4X - REF. A COMPRA DE AR CONDICIONADO P/ USO NA SALA ESCRITORIO DA SELETIVA - VLR APROX DOS TRIBUTOS: R$ 729,07 FEDERAL  /
551;003342;LONDRINA;OPERACIONAL;OPERACIONAL;MAQUINAS;media;tipo predominante no mesmo n4; CRISTINA - NFE. 58.655 VENC. 18/02/26 VIA BOL. - REF. A COMPRA DE ADITIVO P/ DIESEL S10 1L P/ FROTA DE LONDRINA -  - MOTORISTA: 075.670.119-80 - RONAN PEREIRA DOS SANTOS LEI DO IC
559;002274;PRESIDENTE PRUDENTE;OPERACIONAL;OPERACIONAL;MAQUINAS;media;tipo predominante no mesmo n4; CRISTINA - NFE. 60.690 VENC. 26/03/2026 VIA BOL. - REF. A COMPRA DE UMA CHAVE LIGA E DESLIGA P/MAQUINA DE CORTAR FIO SR. ANTONIO. -  - PEDIDO: 164978 ICMS RECOLHIDO ANTERIORMENTE 
563;002014;PRESIDENTE PRUDENTE;OPERACIONAL;OPERACIONAL;MAQUINAS;media;tipo predominante no mesmo n4; CRISTINA - NFE. 618.917 VENC. 15/03/26 VIA CARTÃO DE CRÉDITO 8971 EM 10X - REF. A COMPRADE ESCADA DE FIBRA E ALUMINIO EXTENSIVEL P/ MANUTENÇÃO DE FIBRA NO PATIO DE PRUDENTE - PAGA
564;002090;PRESIDENTE PRUDENTE;OPERACIONAL;OPERACIONAL;MAQUINAS;media;tipo predominante no mesmo n4; CRISTINA - NFE. 618.917 VENC. 15/03/26 VIA CARTÃO DE CRÉDITO 8971 EM 10X - REF. A COMPRADE ESCADA DE FIBRA E ALUMINIO EXTENSIVEL P/ MANUTENÇÃO DE FIBRA NO PATIO DE PRUDENTE - PAGA
565;002121;PRESIDENTE PRUDENTE;OPERACIONAL;OPERACIONAL;MAQUINAS;media;tipo predominante no mesmo n4; CRISTINA - NFE. 618.917 VENC. 15/03/26 VIA CARTÃO DE CRÉDITO 8971 EM 10X - REF. A COMPRADE ESCADA DE FIBRA E ALUMINIO EXTENSIVEL P/ MANUTENÇÃO DE FIBRA NO PATIO DE PRUDENTE - PAGA
566;002184;PRESIDENTE PRUDENTE;OPERACIONAL;OPERACIONAL;MAQUINAS;media;tipo predominante no mesmo n4; CRISTINA - NFE. 618.917 VENC. 15/03/26 VIA CARTÃO DE CRÉDITO 8971 EM 10X - REF. A COMPRADE ESCADA DE FIBRA E ALUMINIO EXTENSIVEL P/ MANUTENÇÃO DE FIBRA NO PATIO DE PRUDENTE - PAGA
567;004316;PRESIDENTE PRUDENTE;OPERACIONAL;OPERACIONAL;MAQUINAS;media;tipo predominante no mesmo n4; CRISTINA - NFE. 618.917 VENC. 15/03/26 VIA CARTÃO DE CRÉDITO 8971 EM 10X - REF. A COMPRADE ESCADA DE FIBRA E ALUMINIO EXTENSIVEL P/ MANUTENÇÃO DE FIBRA NO PATIO DE PRUDENTE - PAGA
568;004317;PRESIDENTE PRUDENTE;OPERACIONAL;OPERACIONAL;MAQUINAS;media;tipo predominante no mesmo n4; CRISTINA - NFE. 618.917 VENC. 15/03/26 VIA CARTÃO DE CRÉDITO 8971 EM 10X - REF. A COMPRADE ESCADA DE FIBRA E ALUMINIO EXTENSIVEL P/ MANUTENÇÃO DE FIBRA NO PATIO DE PRUDENTE - PAGA
569;004375;PRESIDENTE PRUDENTE;OPERACIONAL;OPERACIONAL;MAQUINAS;media;tipo predominante no mesmo n4; CRISTINA - NFE. 618.917 VENC. 15/03/26 VIA CARTÃO DE CRÉDITO 8971 EM 10X - REF. A COMPRADE ESCADA DE FIBRA E ALUMINIO EXTENSIVEL P/ MANUTENÇÃO DE FIBRA NO PATIO DE PRUDENTE - PAGA
570;004470;PRESIDENTE PRUDENTE;OPERACIONAL;OPERACIONAL;MAQUINAS;media;tipo predominante no mesmo n4; CRISTINA - NFE. 618.917 VENC. 15/03/26 VIA CARTÃO DE CRÉDITO 8971 EM 10X - REF. A COMPRADE ESCADA DE FIBRA E ALUMINIO EXTENSIVEL P/ MANUTENÇÃO DE FIBRA NO PATIO DE PRUDENTE - PAGA
571;004494;PRESIDENTE PRUDENTE;OPERACIONAL;OPERACIONAL;MAQUINAS;media;tipo predominante no mesmo n4; CRISTINA - NFE. 618.917 VENC. 15/03/26 VIA CARTÃO DE CRÉDITO 8971 EM 10X - REF. A COMPRADE ESCADA DE FIBRA E ALUMINIO EXTENSIVEL P/ MANUTENÇÃO DE FIBRA NO PATIO DE PRUDENTE - PAGA
572;004510;PRESIDENTE PRUDENTE;OPERACIONAL;OPERACIONAL;MAQUINAS;media;tipo predominante no mesmo n4; CRISTINA - NFE. 618.917 VENC. 15/03/26 VIA CARTÃO DE CRÉDITO 8971 EM 10X - REF. A COMPRADE ESCADA DE FIBRA E ALUMINIO EXTENSIVEL P/ MANUTENÇÃO DE FIBRA NO PATIO DE PRUDENTE - PAGA
573;003830;PRESIDENTE PRUDENTE;OPERACIONAL;OPERACIONAL;MAQUINAS;media;tipo predominante no mesmo n4; CRISTINA - NFE. 62.781 VENC. 15/02/26 VIA CARTÃO DE CRÉDITO 8971 EM 1X - REF. A COMPRA DE LACRES NUMERADOS DE AÇO 30CM P/ USO NAS CARGAS DE MATERIAL FINO EM PRUDENTE - EMITIDO POR
579;002467;PRESIDENTE PRUDENTE;OPERACIONAL;OPERACIONAL;MAQUINAS;media;tipo predominante no mesmo n4; CRISTINA - NFE. 63.240 VENC. 15/01/26 VIA PIX - REF. A COMPRA DE ELEMENTO FOGUETINHO 11/2 P/ USO NO TANQUE DE DIESEL DO PATIO PRUDENTE -  - DOCUMENTO EMITIDO POR ME OU EPP OPTANTE
586;003332;VEICULO, MAQUINA E EQUIPAMENTO;EPT0024 (EMPILHADEIRA);EPT0024 (EMPILHADEIRA);MAQUINAS;alta;código de máquina na observação; CRISTINA - NFE. 65.835 VENC. 16/02/26 VIA BOL. (BOLETO NO DIA 16, POIS DIA 15 CAI EM UM DOMINGO) - REF. A COMPRA DE GAS LP 2.1 20KG P/ USO NA EMPILHADEIRA EPT0024, PRUDENTE -  - B
588;000995;MARINGA DISTRITO;OPERACIONAL;OPERACIONAL;MAQUINAS;media;tipo predominante no mesmo n4; - PAGAMENTO EFETUADO COM CARTAO FLASH DE FINAL 9645 - UNIDADE MARINGA PQ INDUSTRIAL
621;002618;PRESIDENTE PRUDENTE;OPERACIONAL;OPERACIONAL;MAQUINAS;media;tipo predominante no mesmo n4; CRISTINA - NFE. 76.323 VENC. 25/01/26 VIA BOL. - REF. A COMPRA DE MATERIAIS P/ REFORMA E MANUTENÇÃOS NO PATIO PRUDENTE -  - PEDIDO: 192570,192667 TRIB APROX R$: 206,58 FED E   216
644;002249;PRESIDENTE PRUDENTE;OPERACIONAL;OPERACIONAL;MAQUINAS;alta;código de máquina na observação; CRISTINA - NFE. 81.921 VENC. 15/03/26 VIA BOL. - REF. A COMPRA DE PORCA  P/ A PRENSA MOVEL PHH0062 - BATERIA 2032 P/ USO NO CONTROLE DO LAVADOR - E ABRAÇADEIRA P/ USO NA PRENSA MO
646;002265;PRESIDENTE PRUDENTE;OPERACIONAL;OPERACIONAL;MAQUINAS;media;tipo predominante no mesmo n4; CRISTINA - NFE. 82.033 VENC. 15/03/26 VIA BOL. - REF. A COMPRA DE PANO DE MALHA P/ USO EM MANUTENÇÕES NA OFICINA, PRUDENTE -  - PEDIDO: 001143327 13/02/26BC 121,44-18% 21,86TELEFO
652;002080;PRESIDENTE PRUDENTE;OPERACIONAL;OPERACIONAL;MAQUINAS;media;tipo predominante no mesmo n4; CRISTINA - NFE. 82.221 VENC. 15/03/26 VIA BOL. - REF. A COMPRA DE QUEROSENE P/ USO NO CAMINHÃO EJZ7998, PARAFUSOS E PORCAS P/ O CAMINHÃO NRV7727 E LIMPA CONTATO, LUBRIFICANTE E AB
653;002081;PRESIDENTE PRUDENTE;OPERACIONAL;OPERACIONAL;MAQUINAS;media;tipo predominante no mesmo n4; CRISTINA - NFE. 82.221 VENC. 15/03/26 VIA BOL. - REF. A COMPRA DE QUEROSENE P/ USO NO CAMINHÃO EJZ7998, PARAFUSOS E PORCAS P/ O CAMINHÃO NRV7727 E LIMPA CONTATO, LUBRIFICANTE E AB
656;004260;VEICULO, MAQUINA E EQUIPAMENTO;DTB6854;DTB6854;CAÇAMBAS;media;tipo predominante no mesmo n4; CRISTINA - NFE. 82.335 VENC. 25/03/26 VIA BOL. - REF. A COMPRA DE ABRAÇADEIRA 12X16 P/ USO NO PATIO -  ARAME MIG, BICO CONTATO, REGULADOR ARGONIO E ISQUEIRO P/ USO NO CAMINHÃO GHI
658;004262;PRESIDENTE PRUDENTE;OPERACIONAL;OPERACIONAL;MAQUINAS;media;tipo predominante no mesmo n4; CRISTINA - NFE. 82.335 VENC. 25/03/26 VIA BOL. - REF. A COMPRA DE ABRAÇADEIRA 12X16 P/ USO NO PATIO -  ARAME MIG, BICO CONTATO, REGULADOR ARGONIO E ISQUEIRO P/ USO NO CAMINHÃO GHI
659;004263;PRESIDENTE PRUDENTE;OPERACIONAL;OPERACIONAL;MAQUINAS;media;tipo predominante no mesmo n4; CRISTINA - NFE. 82.335 VENC. 25/03/26 VIA BOL. - REF. A COMPRA DE ABRAÇADEIRA 12X16 P/ USO NO PATIO -  ARAME MIG, BICO CONTATO, REGULADOR ARGONIO E ISQUEIRO P/ USO NO CAMINHÃO GHI
666;001671;ADMINISTRATIVO;ADMINISTRATIVO;ADMINISTRATIVO;CAMINHOES;baixa;sem indício forte (fallback); CRISTINA - NFE. 87.699 VENC. VIA BOL. - REF. A COMPRA DE CAMERAS E COMPLEMENTOS P/ INSTALAÇÃO NA CASA DA MÃE DO SR RENATO - VENDA: 246306414583 - ALIQUOTA 12% CONFORME RESOLUCAO S
667;004301;ADMINISTRATIVO;ADMINISTRATIVO;ADMINISTRATIVO;CAMINHOES;baixa;sem indício forte (fallback); CRISTINA - NFE. 87.699 VENC. VIA BOL. - REF. A COMPRA DE CAMERAS E COMPLEMENTOS P/ INSTALAÇÃO NA CASA DA MÃE DO SR RENATO - VENDA: 246306414583 - ALIQUOTA 12% CONFORME RESOLUCAO S
668;004304;ADMINISTRATIVO;ADMINISTRATIVO;ADMINISTRATIVO;CAMINHOES;baixa;sem indício forte (fallback); CRISTINA - NFE. 87.699 VENC. VIA BOL. - REF. A COMPRA DE CAMERAS E COMPLEMENTOS P/ INSTALAÇÃO NA CASA DA MÃE DO SR RENATO - VENDA: 246306414583 - ALIQUOTA 12% CONFORME RESOLUCAO S
669;004416;ADMINISTRATIVO;ADMINISTRATIVO;ADMINISTRATIVO;CAMINHOES;baixa;sem indício forte (fallback); CRISTINA - NFE. 87.699 VENC. VIA BOL. - REF. A COMPRA DE CAMERAS E COMPLEMENTOS P/ INSTALAÇÃO NA CASA DA MÃE DO SR RENATO - VENDA: 246306414583 - ALIQUOTA 12% CONFORME RESOLUCAO S
670;004232;DOURADOS;OPERACIONAL;OPERACIONAL;MAQUINAS;media;tipo predominante no mesmo n4; CRISTINA - NFE. 878.140 VENC. 15/02/26 VIA CARTÃO 8971 EM 1X - REF. A COMPRA DE AR CONDICIONADOR 9.000BTUS 220V P/ USO NO ESCRITORIO SELETIVA DE DOURADOS (SOLICITADO POR GISELE) -
679;003702;S4 EMPREENDIMENTOS;SUCESSO ROSANA;SUCESSO ROSANA;CAMINHOES;baixa;sem indício forte (fallback); CRISTINA - NFE. 91.770 VENC. 26/02/26 VIA BOL. - REF. A COMPRA DE DISCO DIAMANTADO MTX 350MM X 25,4MM P/ USO NO AEROPORTO DE ROSANA -  - PEDIDO: 589297  CLIENTE :19832 PEDIDO POR 
680;001025;DOURADOS;OPERACIONAL;OPERACIONAL;MAQUINAS;media;tipo predominante no mesmo n4;" NFE 931 PTO BOL VENC. 13/02 - REF. COMPRA DE GAS 13KG PARA USO NA COPA UND. DOURADOS. -  - VOCE PAGOU APROXIMADAMENTE:; R$18,16 DE TRIBUTOS FEDERAIS; R$40,50 DE TRIBUTOS ESTADUAIS"
688;002781;PRESIDENTE PRUDENTE;OPERACIONAL;OPERACIONAL;MAQUINAS;media;tipo predominante no mesmo n4;REF. AS NF 94762 E 94744 OC 27714 - CRISTINA - NFE. 94.762 VENC. 29/01/26 VIA BOL. (BOLETO EM CONJUNTO COM A NF 94.744) - REF. A COMPRA DE PEÇAS UTILIZADAS  EM CAMINHÃO DE TERCEIRO
723;000217;ADMINISTRATIVO;ADMINISTRATIVO;ADMINISTRATIVO;CAMINHOES;baixa;sem indício forte (fallback); - CRISTINA - 1 VENC. 12/01/26 VIA PIX - REF. A TROCA DE 1 ANEL DE RESALTO (1.100), 1 ANEL ELETRICO (R$ 220,00) 1 JOGO DE SAPATA  E ROLETE (R$180,00) 1 JOGO DE PALHETAS DE AÇO (R$ 
725;003309;PRESIDENTE PRUDENTE;ADMINISTRATIVO;ADMINISTRATIVO;CAMINHOES;baixa;sem indício forte (fallback); - CRISTINA - REF A TROCA DE 2 TAMPOS DE MESA, VIDRO INCOLOR , MESA DO REFEITORIO - AUTORIZADO POR GIULIANA  PAGAMENTO VIA PIX - VENCIMENTO 15/02 - NFS 10
738;000991;DOURADOS;ADMINISTRATIVO;ADMINISTRATIVO;CAMINHOES;baixa;sem indício forte (fallback); REF. LIMPEZA  DA FOSSA  DA UNIDADE DE DOURADOS PGT FLASH CARTAO FINAL 3105.
739;002872;DOURADOS;ADMINISTRATIVO;ADMINISTRATIVO;CAMINHOES;baixa;sem indício forte (fallback); NFS 1005309 PGTO BOL. VENCI 05.02 REF. SERVIÇO DE SUBSTITUIÇÃO DE COMPRESSOR E CARGA DE GAS EM  BEBEDOURO DA UNIDADE DE DOURADOS
749;002606;DOURADOS;ADMINISTRATIVO;ADMINISTRATIVO;CAÇAMBAS;alta;caixas/caçamba no centro de custo ou observação; NFS 1033211 PGTO TRANSFERENCIA VENCI 26.01 REF. SERVIÇO DE LIMPEZA DE CAIXA (COLETA DE RESIDUOS)
752;000321;MARINGA DISTRITO;OPERACIONAL;OPERACIONAL;MAQUINAS;media;tipo predominante no mesmo n4; - CRISTINA - NFS. 10.710 VENC. 26/01/26 VIA BOL. - REF. A CONCRETAGEM EM TRECHO PRÓXIMO A BALANÇA P/ MELHOR ESCOAMENTO  DE ÁGUA E PRÓXIMO A INSTALAÇÕES ELÉTRICAS, MAIS CONCRETAGEM
753;002791;MARINGA DISTRITO;OPERACIONAL;OPERACIONAL;MAQUINAS;media;tipo predominante no mesmo n4; CRISTINA - NFS. 10.720 VENC. 30/01/26 VIA BOL. - REF. A CONCRETAGEM NO TRECHO PRÓXIMO A BALANÇA P/ MELHORAR ESCOAMENTO DE ÁGUA E PROXIMO AS INSTALAÇÕES ELÉTRICAS, TAMBEM NO TRECHO
754;002803;MARINGA DISTRITO;OPERACIONAL;OPERACIONAL;MAQUINAS;media;tipo predominante no mesmo n4; CRISTINA - NFS. 10.722 VENC. 02/02/26 VIA BOL. - REF. A CONCRETAGEM NO TRECHO PRÓXIMO A BALANÇA P/ MELHORAR ESCOAMENTO DE ÁGUA E PROXIMO AS INSTALAÇÕES ELÉTRICAS, TAMBEM NO TRECHO
764;000271;PRESIDENTE PRUDENTE;ADMINISTRATIVO;ADMINISTRATIVO;CAMINHOES;baixa;sem indício forte (fallback); CRISTINA -  REF. A INSTALAÇÃO DE AR CONDICIONADO 18.000BTUS NO ESCRITORIO DISTRITO PRUDENTE / PERTO MESAS  TRANSMOVE.  NFS. 12 - VENC. 15/01/2026 - PAGAMENTO VIA PIX
768;002896;PRESIDENTE PRUDENTE;OPERACIONAL;OPERACIONAL;MAQUINAS;media;tipo predominante no mesmo n4; CRISTINA - NFE. 1.292 VENC. 05/02/26 VIA PIX - REF. A REVISÃO DE 3 COMPRESSORES, TROCA DE OLEO, LIMPEZA DO CARTE E TROCA DE FILTRO DE AR
782;001886;DOURADOS;OPERACIONAL;OPERACIONAL;MAQUINAS;media;tipo predominante no mesmo n4; NFS 144 VENCI 10.02 PGTO FLASH FINAL 8609, REF. COPIA DE 3 CHAVES DO PORTAO DE SAIDA DA UNIDADE DE DOURADOS , UMA COPIA PARA CADA MOTORISTA.
792;003314;PRESIDENTE PRUDENTE;ADMINISTRATIVO;ADMINISTRATIVO;CAMINHOES;baixa;sem indício forte (fallback); CRISTINA - REF. A TROCA DO COMPRESSOR AR CONDICIONADO DA SALA DA CONSULTI r$1.800,00 AUTORIZADO PELO MARCONDES E CONSERTO AR CONDICIONADO DO ESCRITORIO (MESA 1 FILA)   NFS. 17 - V
866;001416;PRESIDENTE PRUDENTE;OPERACIONAL;OPERACIONAL;MAQUINAS;alta;código de máquina na observação; - CRISTINA - NFS. 24 VENC. 25/02/26 VIA PIX - REF. AOS SERVIÇOS:  EHH0019 - RETIRAR TAMPÃO P/ SOLDAR, COLOCAR TAMPÃO E COMPLETAR OLEO HIDRAULICO R$ 380,00  DESMONTAR PENEIRA RESER
893;001060;PRESIDENTE PRUDENTE;OPERACIONAL;OPERACIONAL;MAQUINAS;media;tipo predominante no mesmo n4; CRISTINA - NFS. 31.759 VENC. 15/02/26 VIA BOL. - REF. AO CONSERTO E REVISÃO DE 1 ESMERILHADEIRA BOSCH GWS 2200-180, PRUDENTE
898;002397;PRESIDENTE PRUDENTE;OPERACIONAL;OPERACIONAL;MAQUINAS;media;tipo predominante no mesmo n4; - CRISTINA - NFS. 36 VENC. 15/01/26 VIA PIX - REF. A EXECUÇÃO DE SERVIÇO DE NOVOS DUTOS DE ÁGUA PLUVIAL E DE NATA DE  CIMENTO P/ MANUTENÇÃO DO PATIO
937;003866;PRESIDENTE PRUDENTE;OPERACIONAL;OPERACIONAL;MAQUINAS;media;tipo predominante no mesmo n4; - CRISTINA - NFS. 44 VENC. 05/03/26 VIA PIX - REF. AO REPARO EM HIDRAULICA LAVADOR, ATERRO E CONCRETAGEM NO CANIL,  ARRUMAR PILAR DO MURO, ATERRO E CONCRETAGEM DE EROSÃO AO LADO D
955;003294;DOURADOS;OPERACIONAL;OPERACIONAL;MAQUINAS;alta;código de máquina na observação; CRISTINA - NFS. 4.911 VENC. 13/02/26 VIA BOL. - REF. A RECARGA DE 02 PQS 12KG ABC R$240,00 PQS 12KG R$70,00 03 PQS 06KG R$45,00 PQS 6KG ABC R$80,00 P/ USO NO PATIO DE DOURADOS, 03
962;003315;PRESIDENTE PRUDENTE;ADMINISTRATIVO;ADMINISTRATIVO;CAMINHOES;baixa;sem indício forte (fallback); CRISTINA - REF. A REFORMA DE 7 CADEIRAS DE MADEIRA NO VALOR DE R$200,00 CADA E REFORMA DE 8 CADEIRAS NO VALOR DE  R$70,00 CADA, AUTORIZADA POR DONA GIULIANA   PAGAMENTO VIA PIX - 
973;001374;PRESIDENTE PRUDENTE;OPERACIONAL;OPERACIONAL;MAQUINAS;media;tipo predominante no mesmo n4; - CRISTINA - NFS. 76 VENC. 25/02/26 VIA PIX - REF. A MONTAGEM DE UM PAINEL P/ O COMPRESSOR DA OFICINA E TROCA DA FIAÇÃO
978;001375;PRESIDENTE PRUDENTE;OPERACIONAL;OPERACIONAL;MAQUINAS;media;tipo predominante no mesmo n4; - CRISTINA - NFS. 77 VENC. 25/02/26 VIA PIX - REF. AO CONSERTO DA BOTEIRA DA CENTRAL FECHO MAGNÉTICO NO ESCRITORIO E  TROCA DE CABO FECHO MAGNÉTICO NO REFEITÓRIO
979;001376;PRESIDENTE PRUDENTE;OPERACIONAL;OPERACIONAL;MAQUINAS;media;tipo predominante no mesmo n4; - CRISTINA - NFS. 78 VENC. 25/02/26 VIA PIX - REF. A REINSTALAÇÃO DO MOTOR, TROCA DA BASE DO MOTOR E TROCA DAS  CREMALHEIRAS NO PORTA CA CHÁCARA DO SR. RENATO
980;001365;PRESIDENTE PRUDENTE;OPERACIONAL;OPERACIONAL;MAQUINAS;media;tipo predominante no mesmo n4; - CRISTINA - NFS. 79 VENC. 25/02/26 VIA PIX - REF. A INSTALAÇÃO DE 12 PONTOS P/ CÂMERA, PASSAGEM DO CABEAMENTO,  INSTALAÇÃO DO RACK E CONFIGURÇÃO DAS CÂMERAS NA CASA DA MÃE DO SR.
981;000093;MARINGA DISTRITO;OPERACIONAL;OPERACIONAL;MAQUINAS;media;tipo predominante no mesmo n4; - CRISTINA - NFS. 8 VENC. 15/01/26 VIA PIX - REF. AO SERVIÇO DE MANTA P/ VEDAÇÃO TOTAL DA PARTE INFERIOR DO CONTAINER,  MARINGA
998;002893;PRESIDENTE PRUDENTE;OPERACIONAL;OPERACIONAL;MAQUINAS;media;tipo predominante no mesmo n4; - CRISTINA - NFS. 878 VENC. 05/02/26 VIA PIX - REF. AO ALUGUEL DA MAQUINA MIC/MAG SB400 BUSSOLA COM CABEÇOTE EXTERNO,  UTILIZADA NO PERIODO DE 30/12/25 A 14/01/26, COM USO NA OFIC
999;000611;DOURADOS;ADMINISTRATIVO;ADMINISTRATIVO;CAMINHOES;baixa;sem indício forte (fallback); NFS 88 PGTO BOL. VENCI 05.02 REF. SERVIÇO DE LIMPEZA DE DOIS AR CONDICIONADO PISO SUPERIOR E UM  AR NO TERREO UNIDADE DE DOURADOS.
1002;000643;MARINGA DISTRITO;OPERACIONAL;OPERACIONAL;MAQUINAS;media;tipo predominante no mesmo n4; - CRISTINA - NFS. 9 VENC. 05/02/26 VIA PIX - REF. A LIMPEZA E HIGIENIZAÇÃO DOS AR CONDICIONADOS, 2 NO ESCRITÓRIO, 1 NA  COZINHA E 2 NO DORMITÓRIO EM MARINGA
1011;000927;PRESIDENTE PRUDENTE;OPERACIONAL;OPERACIONAL;MAQUINAS;media;tipo predominante no mesmo n4; CRISTINA - S/N VENC. 22/01/26 VIA CARTÃO ALELO 7016 DILSINHO - REF. A COPIA DA CHAVE DA PORTA DE VIDRO DO CONTEINER SUPRIMENTOS P/ USODO COLABORADOR EDMILSON
